,1,3,4,5,6,7,8,9,10,11,12,13,14,15,16,17,18,19,20,21,22,23,24,25,26,27,28,29,30,31,32,33,34,35,36,37,38,41,42,43,49,50,51,52,53,54,55,56,57,59,60,61,62,63,64,65,66,67,68,69,70,71,72,73,74,75,76,77,78,79,81,82,83,411,415,418
16:9,,終日中止,5,5,5,,5,0,5,0,,0,60,10,,15,,10,5,25,5,13,10,5,40,終日中止,0,0,15,0,5,,50,5,40,30,10,45,30,20,5,40,,90,90,,,10,10,終日中止,終日中止,80,終日中止,15,5,5,20,5,20,5,25,10,20,10,,120,5,55,45,35,35,45,15,,35,140
16:10,,終日中止,5,5,5,,5,0,5,0,,0,60,10,,15,,10,5,25,5,13,10,5,40,終日中止,0,0,15,0,5,,50,5,40,30,10,45,30,20,5,35,,90,90,終日中止,終日中止,15,10,終日中止,終日中止,80,終日中止,10,5,5,20,5,20,10,20,10,20,10,,120,5,55,50,40,40,45,20,,35,140
16:11,,終日中止,5,5,5,,5,0,5,0,,0,60,10,,15,,10,5,25,5,13,10,5,40,終日中止,0,0,15,0,5,,50,5,40,30,10,45,30,20,5,35,,90,90,終日中止,終日中止,15,10,終日中止,終日中止,80,終日中止,10,5,5,20,5,20,10,20,10,20,10,,120,5,55,50,40,40,45,20,,35,140
16:12,,終日中止,5,5,5,,5,0,5,0,,0,60,10,,15,,10,5,20,5,13,10,5,35,終日中止,0,0,15,0,5,,50,5,40,20,10,45,25,30,5,35,,90,90,終日中止,終日中止,15,10,終日中止,終日中止,80,終日中止,10,5,5,20,5,20,10,20,10,20,10,,120,5,55,50,40,40,45,20,,35,140
16:13,,終日中止,5,5,5,,5,0,5,0,,0,60,10,,15,,10,5,20,5,13,10,5,35,終日中止,0,0,15,0,5,,50,5,40,20,10,45,25,30,5,30,,90,90,終日中止,終日中止,15,10,終日中止,終日中止,80,終日中止,10,5,5,20,5,20,10,20,5,15,10,,120,5,55,50,40,40,45,20,,35,140
16:14,,終日中止,5,5,5,,5,0,5,0,,0,60,10,,15,,10,5,20,5,13,10,5,35,終日中止,0,0,15,0,5,,50,5,40,20,10,45,25,30,5,30,,90,90,終日中止,終日中止,15,10,終日中止,終日中止,80,終日中止,10,5,5,20,5,20,10,20,5,15,10,,120,5,55,50,40,40,45,20,,35,140
16:15,,終日中止,5,5,5,,5,0,5,0,,0,60,10,,15,終日中止,10,5,20,5,13,10,5,35,終日中止,0,0,15,0,5,,50,5,40,20,10,40,25,30,5,30,,90,90,終日中止,終日中止,15,10,終日中止,終日中止,80,終日中止,10,5,5,20,5,20,10,20,5,15,10,,120,5,55,50,40,40,45,20,,35,140
16:16,,終日中止,5,5,5,,5,0,5,0,,0,60,10,,15,終日中止,10,5,20,5,13,10,5,35,終日中止,0,0,15,0,5,,50,5,30,20,10,45,25,30,5,25,,90,90,終日中止,終日中止,15,10,終日中止,終日中止,75,終日中止,10,5,5,20,5,20,10,15,5,15,15,,120,5,55,45,40,35,40,20,,40,140
16:17,,終日中止,5,5,5,,5,0,5,0,,0,60,10,,15,終日中止,10,5,20,5,13,10,5,35,終日中止,0,0,15,0,5,,50,5,30,20,10,45,25,30,5,25,,90,90,終日中止,終日中止,15,10,終日中止,終日中止,75,終日中止,10,5,5,20,5,20,10,15,5,15,15,,120,5,55,45,40,40,40,20,,40,140
16:18,,終日中止,5,5,5,,5,0,5,0,,0,60,10,,15,終日中止,10,5,20,5,13,10,5,35,終日中止,0,0,15,0,5,,50,5,30,20,10,45,25,30,5,25,,90,90,終日中止,終日中止,15,10,終日中止,終日中止,75,終日中止,10,5,5,20,5,20,10,15,5,15,15,,120,5,55,45,40,40,40,20,,40,140
16:19,,終日中止,5,5,5,,5,0,5,0,,0,60,10,終日中止,15,終日中止,10,5,20,5,13,10,5,35,終日中止,0,0,15,0,5,,50,5,30,20,10,40,25,30,5,25,,90,90,終日中止,終日中止,15,10,終日中止,終日中止,75,終日中止,10,5,5,20,5,20,10,15,5,15,15,,120,5,55,45,40,35,40,20,,40,140
16:20,,終日中止,5,5,5,,5,0,5,0,,0,60,10,終日中止,15,終日中止,10,5,20,5,13,10,5,35,終日中止,0,0,15,0,5,,50,5,30,20,10,40,25,30,5,25,,90,70,終日中止,終日中止,10,10,終日中止,終日中止,75,終日中止,10,5,5,20,5,20,10,15,5,15,15,,120,5,55,45,40,35,40,20,,40,140
16:21,,終日中止,5,5,5,,5,0,5,0,,0,60,10,終日中止,15,終日中止,10,5,20,5,13,10,5,35,終日中止,0,0,15,0,5,,50,5,30,20,10,50,25,30,5,25,,90,70,終日中止,終日中止,10,10,終日中止,終日中止,70,終日中止,10,5,5,20,5,20,10,10,5,15,15,,120,5,55,45,35,35,40,20,,40,140
16:22,,終日中止,5,5,5,,5,0,5,0,,0,60,10,終日中止,15,終日中止,10,5,20,5,13,10,5,35,終日中止,0,0,15,0,5,,50,5,30,20,10,50,25,30,5,25,,90,70,終日中止,終日中止,10,10,終日中止,終日中止,70,終日中止,10,5,5,20,5,20,10,10,5,15,15,,120,5,55,45,35,35,45,20,,40,140
16:23,,終日中止,5,5,5,,5,0,5,0,,0,60,10,終日中止,15,終日中止,10,5,20,5,13,10,5,35,終日中止,0,0,15,0,5,,50,5,30,20,10,50,25,30,5,25,,90,70,終日中止,終日中止,10,10,終日中止,終日中止,70,終日中止,10,5,5,20,5,20,10,10,5,15,15,,120,5,55,45,35,35,45,20,,40,140
16:24,,終日中止,5,5,5,,5,0,5,0,,0,60,10,終日中止,15,終日中止,10,5,20,5,13,10,5,35,終日中止,0,0,15,0,5,,50,5,30,20,10,50,25,30,5,25,,90,70,終日中止,終日中止,10,10,終日中止,終日中止,70,終日中止,10,5,5,20,5,25,10,5,5,15,15,,120,5,55,45,35,35,45,20,,40,140
16:25,,終日中止,5,5,5,,5,0,5,0,,0,60,10,終日中止,15,終日中止,10,5,20,5,13,10,5,35,終日中止,0,0,15,0,5,,50,5,30,20,10,50,25,30,5,25,,90,70,終日中止,終日中止,10,10,終日中止,終日中止,70,終日中止,10,5,5,20,5,20,10,10,5,15,15,,120,5,55,45,35,35,45,20,,40,140
16:26,,終日中止,5,5,5,,5,0,5,0,終日中止,0,60,10,終日中止,15,終日中止,10,5,25,5,13,10,5,40,終日中止,0,0,15,0,5,,50,5,30,20,10,50,25,30,5,25,,90,70,終日中止,終日中止,10,10,終日中止,終日中止,70,終日中止,10,5,5,20,5,20,10,10,5,15,15,,120,5,55,45,35,35,45,20,,40,140
16:27,,終日中止,5,5,5,,5,0,5,0,終日中止,0,60,10,終日中止,15,終日中止,10,5,25,5,13,10,5,40,終日中止,0,0,15,0,5,,50,5,25,25,10,50,25,30,5,25,,90,70,終日中止,終日中止,15,10,終日中止,終日中止,70,終日中止,10,5,5,20,5,20,10,10,5,15,15,,120,5,55,45,35,35,45,20,,40,130
16:28,,終日中止,5,5,5,,5,0,5,0,終日中止,0,60,10,終日中止,10,終日中止,10,5,25,5,13,10,5,40,終日中止,0,0,15,0,10,,50,5,25,25,10,50,25,30,5,25,,90,70,終日中止,終日中止,15,10,終日中止,終日中止,70,終日中止,10,5,5,20,5,25,10,35,5,15,15,,120,5,55,45,40,35,45,20,,40,130
16:29,,終日中止,5,5,5,,5,0,5,0,終日中止,0,60,10,終日中止,10,終日中止,10,5,25,5,13,10,5,40,終日中止,0,0,15,0,10,,50,5,25,25,10,50,25,30,5,25,,90,70,終日中止,終日中止,15,10,終日中止,終日中止,70,終日中止,10,5,5,20,5,25,10,35,5,15,15,,120,5,55,45,40,35,45,20,,40,130
16:30,,終日中止,5,5,5,,5,0,5,0,終日中止,0,60,10,終日中止,10,終日中止,10,5,25,5,13,10,5,40,終日中止,0,0,15,0,10,,50,5,25,20,10,50,25,30,5,25,,90,70,終日中止,終日中止,15,10,終日中止,終日中止,70,終日中止,10,5,5,20,5,25,10,35,5,15,15,,120,5,55,45,40,35,45,20,,40,130
16:31,,終日中止,5,5,5,,5,0,5,0,終日中止,0,60,10,終日中止,15,終日中止,10,5,25,5,13,10,5,40,終日中止,0,0,15,0,10,,50,5,25,20,10,50,25,30,5,25,,90,70,終日中止,終日中止,15,10,終日中止,終日中止,75,終日中止,10,5,5,20,5,25,10,30,5,20,10,,110,5,55,45,40,35,45,20,,40,130
16:32,,終日中止,5,5,5,,5,0,5,0,終日中止,0,60,10,終日中止,15,終日中止,10,5,25,5,13,10,5,40,終日中止,0,0,15,0,10,,50,5,25,20,10,50,25,30,5,25,,90,70,終日中止,終日中止,15,10,終日中止,終日中止,75,終日中止,10,5,5,20,5,25,10,30,5,20,10,,110,5,55,45,40,35,45,20,,40,130
16:33,,終日中止,5,5,5,,5,0,5,0,終日中止,0,60,10,終日中止,15,終日中止,10,5,25,5,13,10,5,40,終日中止,0,0,15,0,10,,50,5,25,20,10,50,25,30,5,25,,90,70,終日中止,終日中止,15,10,終日中止,終日中止,75,終日中止,10,5,5,20,5,25,10,30,5,20,10,,110,5,55,45,40,35,45,20,,40,130
16:34,,終日中止,5,5,5,,5,0,5,0,終日中止,0,60,10,終日中止,15,終日中止,10,5,25,5,13,10,5,40,終日中止,0,0,15,0,10,,50,5,25,20,10,50,25,30,5,25,,90,70,終日中止,終日中止,10,10,終日中止,終日中止,75,終日中止,10,5,5,15,5,25,10,30,5,20,10,,110,5,55,45,40,35,45,20,,40,130
16:35,,終日中止,5,5,5,,5,0,5,0,終日中止,0,60,10,終日中止,15,終日中止,10,5,25,5,13,10,5,40,終日中止,0,0,15,0,10,,50,5,25,20,10,50,25,30,5,25,,90,70,終日中止,終日中止,10,10,終日中止,終日中止,75,終日中止,10,5,5,15,5,25,10,25,5,20,10,,110,5,55,45,40,35,45,20,,40,130
16:36,,終日中止,5,5,5,,5,0,5,0,終日中止,0,60,10,終日中止,15,終日中止,10,5,25,5,13,10,5,40,終日中止,0,0,15,0,10,,50,5,30,25,10,50,45,45,5,25,,90,70,終日中止,終日中止,10,10,終日中止,終日中止,75,終日中止,10,5,5,15,5,25,10,25,5,20,10,,110,5,55,45,40,35,45,20,,40,130
16:37,,終日中止,5,5,5,,5,0,5,0,終日中止,0,60,10,終日中止,15,終日中止,10,5,25,5,13,10,5,40,終日中止,0,0,15,0,10,,50,5,30,25,10,50,45,45,5,25,,90,70,終日中止,終日中止,10,10,終日中止,終日中止,75,終日中止,10,5,5,15,5,25,10,25,5,20,10,,110,5,55,50,40,35,40,20,,40,130
16:38,,終日中止,5,5,5,,5,0,5,0,終日中止,0,60,10,終日中止,15,終日中止,10,5,25,5,13,10,5,40,終日中止,0,0,15,0,10,,50,5,30,25,10,50,45,45,5,25,,90,70,終日中止,終日中止,10,10,終日中止,終日中止,75,終日中止,10,5,5,15,5,25,10,25,5,20,10,,110,5,55,45,40,35,45,20,,40,130
16:39,,終日中止,5,5,5,,5,0,5,0,終日中止,0,60,10,終日中止,15,終日中止,10,5,25,5,13,10,5,40,終日中止,0,0,15,0,10,,50,5,30,25,10,50,45,45,5,25,,90,70,終日中止,終日中止,10,10,終日中止,終日中止,75,終日中止,10,5,5,15,5,25,10,25,5,20,10,,110,5,55,45,40,35,45,20,,40,130
16:40,,終日中止,5,5,5,,5,0,5,0,終日中止,0,60,10,終日中止,15,終日中止,10,5,25,5,13,5,5,45,終日中止,0,0,10,0,5,,50,5,35,25,10,50,45,45,5,25,,90,70,終日中止,終日中止,10,10,終日中止,終日中止,75,終日中止,10,5,5,15,5,25,10,25,5,20,10,,110,5,55,50,40,35,40,20,,40,130
16:41,,終日中止,5,5,5,,5,0,5,0,終日中止,0,60,10,終日中止,15,終日中止,10,5,25,5,13,5,5,45,終日中止,0,0,10,0,5,,50,5,35,25,10,50,45,45,5,25,,90,70,終日中止,終日中止,10,10,終日中止,終日中止,75,終日中止,10,5,5,15,5,25,10,25,5,20,10,,110,5,55,50,40,35,40,20,,40,140
16:42,,終日中止,5,5,5,,5,0,5,0,終日中止,0,60,10,終日中止,15,終日中止,10,5,25,5,13,5,5,50,終日中止,0,0,10,0,5,,50,5,35,35,10,50,45,45,5,25,,90,70,終日中止,終日中止,10,10,終日中止,終日中止,80,終日中止,10,10,5,15,5,25,15,20,5,20,10,,110,5,55,50,40,35,40,20,,40,140
16:43,,終日中止,5,5,5,,5,0,5,0,終日中止,0,60,10,終日中止,15,終日中止,10,5,25,5,13,5,5,50,終日中止,0,0,10,0,5,,50,5,35,35,10,50,45,45,5,25,,90,70,終日中止,終日中止,10,10,終日中止,終日中止,80,終日中止,10,10,5,15,5,25,15,20,5,20,10,,110,5,55,50,40,35,40,20,,40,140
16:44,,終日中止,5,5,5,,5,0,5,0,終日中止,0,60,10,終日中止,15,終日中止,10,5,25,5,13,5,5,50,終日中止,0,0,10,0,5,,50,5,35,35,10,50,45,45,5,25,,90,70,終日中止,終日中止,10,10,終日中止,終日中止,80,終日中止,10,10,5,15,5,25,15,20,5,20,10,,110,5,55,50,40,35,40,20,,40,140
16:45,,終日中止,5,5,5,,5,0,5,0,終日中止,0,60,10,終日中止,15,終日中止,10,5,25,5,13,5,5,50,終日中止,0,0,10,0,5,,50,5,35,35,10,50,45,50,5,25,,90,90,終日中止,終日中止,15,10,終日中止,終日中止,80,終日中止,10,10,5,15,5,25,15,15,5,15,10,,110,5,55,50,40,35,40,20,,40,140
16:46,,終日中止,5,5,5,,5,0,5,0,終日中止,0,60,10,終日中止,15,終日中止,10,5,25,5,13,5,5,50,終日中止,0,0,10,0,5,,50,5,35,35,10,50,45,50,5,25,,90,90,終日中止,終日中止,15,10,終日中止,終日中止,80,終日中止,10,10,5,15,5,25,15,15,5,15,10,,110,5,40,50,40,30,40,20,,40,140
16:47,,終日中止,5,5,5,,5,0,5,0,終日中止,0,60,10,終日中止,15,終日中止,10,5,25,5,13,5,5,50,終日中止,0,0,10,0,5,,50,5,35,35,10,50,45,50,5,25,,90,90,終日中止,終日中止,15,10,終日中止,終日中止,80,終日中止,10,10,5,15,5,25,15,15,5,15,10,,110,5,40,50,40,30,40,20,,40,140
16:48,,終日中止,5,5,5,,5,0,5,0,終日中止,0,60,10,終日中止,15,終日中止,10,5,25,5,13,5,5,50,終日中止,0,0,10,0,5,,50,5,35,35,10,50,45,50,5,25,,90,100,終日中止,終日中止,15,10,終日中止,終日中止,80,終日中止,10,10,5,15,5,25,15,15,5,15,10,,110,5,40,50,40,30,40,20,,40,140
16:49,,終日中止,5,5,5,,5,0,5,0,終日中止,0,60,10,終日中止,15,終日中止,10,5,25,5,13,5,5,50,終日中止,0,0,10,0,5,,50,5,35,35,10,50,45,50,5,25,,90,90,終日中止,終日中止,15,10,終日中止,終日中止,80,終日中止,10,10,5,15,5,25,15,15,5,15,10,,110,5,40,60,40,30,40,20,,40,140
16:50,,終日中止,5,5,5,,5,0,5,0,終日中止,0,60,10,終日中止,10,終日中止,10,5,25,5,13,5,5,50,終日中止,0,0,10,0,5,,50,5,35,35,10,50,45,55,5,25,,90,90,終日中止,終日中止,15,10,終日中止,終日中止,80,終日中止,10,10,5,15,5,25,15,15,5,15,10,,110,5,40,60,40,30,40,20,,40,140
16:51,,終日中止,5,5,5,,5,0,5,0,終日中止,0,60,10,終日中止,10,終日中止,10,5,25,5,13,5,5,50,終日中止,0,0,10,0,5,,50,5,45,35,10,50,45,55,5,25,,90,90,終日中止,終日中止,15,10,終日中止,終日中止,80,終日中止,10,10,5,15,5,25,15,15,5,15,10,,110,5,40,60,40,30,40,20,,40,140
16:52,,終日中止,5,5,5,,5,0,5,0,終日中止,0,60,10,終日中止,10,終日中止,10,5,25,5,13,5,5,50,終日中止,0,0,10,0,5,,50,5,45,35,10,50,45,55,5,25,,90,90,終日中止,終日中止,10,20,終日中止,終日中止,80,終日中止,20,10,5,15,5,25,20,10,5,15,10,,100,5,45,60,40,30,70,20,,40,140
16:53,,終日中止,5,5,5,,5,0,5,0,終日中止,0,60,10,終日中止,10,終日中止,10,5,25,5,13,5,5,50,終日中止,0,0,10,0,5,,50,5,45,35,10,50,45,55,5,25,,90,90,終日中止,終日中止,10,20,終日中止,終日中止,80,終日中止,20,10,5,15,5,25,20,10,5,15,10,,100,5,45,60,40,30,40,20,,40,140
16:54,,終日中止,5,5,5,,5,0,5,0,終日中止,0,60,10,終日中止,10,終日中止,10,5,25,5,13,5,5,50,終日中止,0,0,10,0,5,,50,5,45,35,10,50,45,55,5,25,,90,90,終日中止,終日中止,10,20,終日中止,終日中止,80,終日中止,20,10,5,15,5,25,20,10,5,15,10,,100,5,45,60,40,30,40,20,,40,140
16:55,,終日中止,5,5,5,,5,0,5,0,終日中止,0,60,10,終日中止,10,終日中止,10,5,25,5,13,5,5,50,終日中止,0,0,10,0,5,,50,5,45,35,10,50,45,55,5,25,,90,90,終日中止,終日中止,10,20,終日中止,終日中止,80,終日中止,20,10,5,15,5,25,20,10,5,15,10,,100,5,45,60,40,30,70,20,,40,140
16:56,,終日中止,5,5,5,,5,0,5,0,終日中止,0,60,10,終日中止,10,終日中止,10,5,25,5,13,5,5,50,終日中止,0,0,10,0,5,,50,5,45,35,10,50,45,55,5,25,,90,90,終日中止,終日中止,10,20,終日中止,終日中止,85,終日中止,20,10,5,15,5,25,20,5,5,15,10,,100,5,45,60,40,30,70,20,,40,140
16:57,,終日中止,5,5,5,,5,0,5,0,終日中止,0,60,10,終日中止,15,終日中止,10,5,25,5,13,5,5,45,終日中止,0,0,10,0,5,,50,5,45,35,10,60,45,55,5,25,,90,90,終日中止,終日中止,10,20,終日中止,終日中止,85,終日中止,20,10,5,15,5,25,20,5,5,15,10,,100,5,45,60,40,30,70,20,,40,140
16:58,,終日中止,5,5,5,,5,0,5,0,終日中止,0,60,10,終日中止,10,終日中止,10,5,25,5,13,5,5,45,終日中止,0,0,10,0,5,,50,5,45,35,10,70,45,55,5,25,,90,90,終日中止,終日中止,10,20,終日中止,終日中止,85,終日中止,20,10,5,15,5,25,20,5,5,20,10,,100,5,60,60,40,30,70,20,,40,140
16:59,,終日中止,5,5,5,,5,0,5,0,終日中止,0,60,10,終日中止,10,終日中止,10,5,25,5,13,5,5,45,終日中止,0,0,10,0,5,,50,5,45,35,10,70,45,55,5,25,,90,90,終日中止,終日中止,10,20,終日中止,終日中止,85,終日中止,20,10,5,15,5,25,20,5,5,20,10,,100,5,60,60,40,30,70,10,,40,140
17:0,,終日中止,5,5,5,,5,0,5,0,終日中止,0,60,10,終日中止,10,終日中止,10,5,25,5,13,5,5,45,終日中止,0,0,10,0,5,,50,5,45,35,10,70,45,55,5,25,,90,90,終日中止,終日中止,10,20,終日中止,終日中止,85,終日中止,20,10,5,15,5,25,20,5,5,20,10,,100,5,60,60,40,30,70,10,,40,140
17:1,,終日中止,5,5,10,,5,0,5,0,終日中止,0,60,10,終日中止,15,終日中止,10,5,25,5,13,10,5,40,終日中止,0,0,10,0,5,,50,5,50,35,10,70,45,55,5,25,,90,90,終日中止,終日中止,15,20,終日中止,終日中止,85,終日中止,20,10,5,15,5,25,20,30,5,20,15,,100,5,60,50,45,30,70,10,,40,140
17:2,,終日中止,5,5,10,,5,0,5,0,終日中止,0,60,10,終日中止,15,終日中止,10,5,25,5,13,10,5,40,終日中止,0,0,10,0,5,,50,5,50,35,10,70,45,55,5,25,,90,90,終日中止,終日中止,15,20,終日中止,終日中止,85,終日中止,20,10,5,15,5,25,20,30,5,20,15,,100,5,60,50,45,30,70,10,,40,140
17:3,,終日中止,5,5,10,,5,0,5,0,終日中止,0,60,10,終日中止,15,終日中止,10,5,25,5,13,10,5,40,終日中止,0,0,10,0,5,,50,5,50,35,10,70,45,55,5,25,,90,90,終日中止,終日中止,15,20,終日中止,終日中止,85,終日中止,20,10,5,15,5,25,20,25,5,20,15,,100,5,60,45,45,30,70,10,,30,140
17:4,,終日中止,5,5,10,,5,0,5,0,終日中止,0,60,10,終日中止,15,終日中止,10,5,25,5,13,10,5,40,終日中止,0,0,10,0,5,,50,5,50,35,10,70,45,55,5,25,,90,90,終日中止,終日中止,15,20,終日中止,終日中止,85,終日中止,20,10,5,15,5,25,20,30,5,20,15,,100,5,60,50,45,30,70,10,,40,140
17:5,,終日中止,5,5,10,,5,0,5,0,終日中止,0,60,10,終日中止,15,終日中止,10,5,25,5,13,10,5,40,終日中止,0,0,10,0,5,,50,5,50,30,10,70,45,55,5,25,,90,90,終日中止,終日中止,15,20,終日中止,終日中止,85,終日中止,20,10,5,15,5,25,20,30,5,20,15,,100,5,60,50,45,30,70,10,,40,140
17:6,,終日中止,5,5,10,,5,0,5,0,終日中止,0,60,10,終日中止,15,終日中止,10,5,25,5,13,10,5,40,終日中止,0,0,10,0,5,,50,5,50,25,10,60,45,40,5,25,,90,90,終日中止,終日中止,15,20,終日中止,終日中止,85,終日中止,20,10,5,15,5,25,20,25,5,20,15,,100,5,60,45,45,30,70,10,,30,140
17:7,,終日中止,5,5,10,,5,0,5,0,終日中止,0,60,10,終日中止,15,終日中止,10,5,25,5,13,10,5,40,終日中止,0,0,10,0,5,,50,5,50,25,10,60,40,40,5,25,,90,90,終日中止,終日中止,15,20,終日中止,終日中止,85,終日中止,20,10,5,15,5,25,20,25,5,20,15,,100,5,55,45,45,25,70,10,,30,140
17:8,,終日中止,5,5,10,,5,0,5,0,終日中止,0,60,10,終日中止,15,終日中止,10,5,25,5,13,10,5,40,終日中止,0,0,10,0,5,,50,5,50,25,10,70,40,40,5,25,,90,90,終日中止,終日中止,15,20,終日中止,終日中止,85,終日中止,20,10,5,15,5,25,20,25,5,20,15,,100,5,55,45,45,25,70,10,,30,140
17:9,,終日中止,5,5,10,,5,0,5,0,終日中止,0,60,10,終日中止,15,終日中止,10,5,25,5,13,10,5,40,終日中止,0,0,10,0,5,,50,5,50,25,10,60,40,40,5,25,,90,90,終日中止,終日中止,10,20,終日中止,終日中止,80,終日中止,20,10,5,15,5,25,20,25,5,20,15,,100,5,55,45,45,25,70,10,,30,130
17:10,,終日中止,5,5,10,,5,0,5,0,終日中止,0,60,10,終日中止,15,終日中止,10,5,25,5,13,10,5,40,終日中止,0,0,10,0,5,,50,5,50,25,10,60,40,40,5,25,,90,90,終日中止,終日中止,15,20,終日中止,終日中止,85,終日中止,20,10,5,15,5,25,20,25,5,20,15,,90,5,55,45,45,25,70,10,,30,140
17:11,,終日中止,5,5,10,,5,0,5,0,終日中止,0,60,10,終日中止,15,終日中止,10,5,25,5,13,10,5,40,終日中止,0,0,10,0,5,,50,5,55,35,10,55,40,40,5,25,,90,90,終日中止,終日中止,15,20,終日中止,終日中止,85,終日中止,20,10,5,15,5,25,20,25,5,20,15,,90,5,55,45,45,25,70,10,,30,140
17:12,,終日中止,5,5,10,,5,0,5,0,終日中止,0,60,10,終日中止,15,終日中止,10,5,25,5,13,5,5,35,終日中止,0,0,10,0,5,,50,5,55,35,10,55,40,40,5,25,,90,90,終日中止,終日中止,15,20,終日中止,終日中止,85,終日中止,20,10,5,15,5,25,20,25,5,20,15,,90,5,55,45,45,25,70,10,,30,130
17:13,,終日中止,5,5,10,,5,0,5,0,終日中止,0,60,10,終日中止,15,終日中止,10,5,25,5,13,5,5,35,終日中止,0,0,10,0,5,,50,5,55,35,10,55,40,40,5,25,,90,90,終日中止,終日中止,10,20,終日中止,終日中止,80,終日中止,20,10,5,15,5,25,10,20,5,20,10,,90,5,55,45,45,25,70,10,,30,130
17:14,,終日中止,5,5,10,,5,0,5,0,終日中止,0,60,10,終日中止,15,終日中止,10,5,25,5,13,5,5,35,終日中止,0,0,10,0,5,,50,5,55,35,10,55,40,40,5,25,,90,90,終日中止,終日中止,10,20,終日中止,終日中止,80,終日中止,20,10,5,15,5,25,10,20,5,20,10,,90,5,55,45,45,25,70,10,,30,130
17:15,,終日中止,5,5,10,,5,0,5,0,終日中止,0,60,10,終日中止,15,終日中止,10,5,25,5,13,5,5,35,終日中止,0,0,10,0,5,,50,5,55,35,10,55,40,40,5,25,,90,90,終日中止,終日中止,10,20,終日中止,終日中止,80,終日中止,20,10,5,15,5,25,10,20,5,20,10,,90,5,55,45,45,25,70,10,,30,130
17:16,,終日中止,5,5,10,,5,0,5,0,終日中止,0,60,10,終日中止,15,終日中止,10,5,25,5,13,5,5,35,終日中止,0,0,10,0,5,,50,5,55,35,10,55,40,40,5,25,,90,90,終日中止,終日中止,10,20,終日中止,終日中止,80,終日中止,20,10,5,15,5,25,10,15,5,20,10,,90,5,55,45,45,25,10,10,,30,130
17:17,,終日中止,5,5,10,,5,0,5,0,終日中止,0,60,10,終日中止,15,終日中止,10,5,25,5,13,5,5,35,終日中止,0,0,10,0,5,,50,5,55,35,10,55,40,40,5,25,,90,90,終日中止,終日中止,10,20,終日中止,終日中止,80,終日中止,20,10,5,15,5,25,10,15,5,20,10,,90,5,55,45,45,25,10,10,,30,130
17:18,,終日中止,5,5,10,,5,0,5,0,終日中止,0,60,10,終日中止,15,終日中止,10,5,25,5,13,5,5,35,終日中止,0,0,10,0,5,,50,5,50,30,10,55,40,40,5,25,,90,90,終日中止,終日中止,10,20,終日中止,終日中止,80,終日中止,20,10,5,15,5,25,10,15,5,20,10,,90,5,55,45,45,25,10,10,,30,130
17:19,,終日中止,5,5,10,,5,0,5,0,終日中止,0,60,10,終日中止,15,終日中止,10,5,25,5,13,5,5,35,終日中止,0,0,10,0,5,,50,5,50,30,10,55,40,40,5,25,,90,90,終日中止,終日中止,10,20,終日中止,終日中止,80,終日中止,20,10,5,15,5,25,10,15,5,20,10,,90,5,55,45,45,25,10,10,,30,130
17:20,,終日中止,5,5,10,,5,0,5,0,終日中止,0,60,10,終日中止,15,終日中止,10,5,25,5,13,5,5,35,終日中止,0,0,10,0,5,,50,5,50,30,10,55,40,40,5,25,,90,90,終日中止,終日中止,15,20,終日中止,終日中止,80,終日中止,20,10,5,15,5,20,10,15,5,20,10,,90,5,55,45,45,25,10,10,,30,130
17:21,,終日中止,5,5,10,,5,0,5,0,終日中止,0,60,10,終日中止,15,終日中止,10,10,25,5,13,10,5,35,終日中止,0,0,10,0,5,,50,5,50,30,10,55,40,35,5,25,,90,90,終日中止,終日中止,15,20,終日中止,終日中止,80,終日中止,20,10,5,15,5,20,10,15,5,20,10,,90,5,55,45,45,25,10,10,,30,130
17:22,,終日中止,5,5,10,,5,0,5,0,終日中止,0,60,10,終日中止,15,終日中止,10,10,25,5,13,10,5,35,終日中止,0,0,10,0,5,,50,5,50,30,10,55,35,35,5,25,,90,90,終日中止,終日中止,15,20,終日中止,終日中止,80,終日中止,20,10,5,15,5,20,10,10,5,20,15,,90,5,50,45,45,25,10,10,,30,130
17:23,,終日中止,5,5,10,,5,0,5,0,終日中止,0,60,10,終日中止,15,終日中止,10,10,25,5,13,10,5,35,終日中止,0,0,10,0,5,,50,5,50,30,10,55,35,35,5,25,,90,90,終日中止,終日中止,15,20,終日中止,終日中止,80,終日中止,20,10,5,15,5,20,10,10,5,20,15,,90,5,50,45,45,25,10,10,,30,130
17:24,,終日中止,5,5,10,,5,0,5,0,終日中止,0,60,10,終日中止,15,終日中止,10,10,25,5,13,10,5,35,終日中止,0,0,10,0,5,,50,5,50,30,10,55,35,35,5,25,,90,90,終日中止,終日中止,15,20,終日中止,終日中止,80,終日中止,20,10,5,15,5,20,10,10,5,20,15,,90,5,50,45,45,25,10,10,,30,130
17:25,,終日中止,5,5,10,,5,0,5,0,終日中止,0,60,10,終日中止,10,終日中止,10,10,25,5,13,10,5,35,終日中止,0,0,10,0,5,,50,5,50,30,10,55,35,35,5,25,,90,90,終日中止,終日中止,15,20,終日中止,終日中止,80,終日中止,20,10,5,15,5,20,10,10,5,20,15,,90,5,50,45,45,25,10,10,,30,130
17:26,,終日中止,5,5,10,,5,0,5,0,終日中止,0,60,10,終日中止,10,終日中止,10,10,25,5,13,10,5,35,終日中止,0,0,10,0,5,,50,5,50,30,10,55,35,35,5,25,,90,90,終日中止,終日中止,15,20,終日中止,終日中止,80,終日中止,20,10,5,15,5,20,10,10,5,20,15,,90,5,50,45,45,25,10,10,,30,130
17:27,,終日中止,5,5,10,,5,0,5,0,終日中止,0,60,10,終日中止,10,終日中止,10,10,25,5,13,10,5,35,終日中止,0,0,10,0,5,,50,5,50,30,10,55,35,35,5,25,,90,90,終日中止,終日中止,10,20,終日中止,終日中止,70,終日中止,20,10,5,15,5,20,5,5,5,15,15,,90,5,45,45,45,25,10,10,,30,130
17:28,,終日中止,5,5,10,,5,0,5,0,終日中止,0,60,10,終日中止,10,終日中止,10,10,25,5,13,10,5,35,終日中止,0,0,10,0,5,,50,5,45,30,10,55,40,35,5,25,,90,90,終日中止,終日中止,10,20,終日中止,終日中止,75,終日中止,20,10,5,15,5,20,10,5,5,15,15,,90,5,45,45,45,25,10,10,,45,130
17:29,,終日中止,5,5,10,,5,0,5,0,終日中止,0,60,10,終日中止,10,終日中止,10,5,25,5,13,10,5,35,終日中止,0,0,10,0,5,,50,5,45,30,10,55,40,35,5,25,,90,90,終日中止,終日中止,10,20,終日中止,終日中止,75,終日中止,20,10,5,15,5,20,10,5,5,15,15,,90,5,45,45,45,25,10,10,,45,130
17:30,,終日中止,5,5,10,,5,0,5,0,終日中止,0,60,10,終日中止,10,終日中止,10,5,25,5,13,10,5,35,終日中止,0,0,10,0,5,,50,5,45,30,10,55,40,35,5,25,,90,90,終日中止,終日中止,10,20,終日中止,終日中止,70,終日中止,20,10,5,15,5,20,10,5,5,15,15,,90,5,45,45,40,25,10,10,,45,130
17:31,,終日中止,5,5,10,,5,0,5,0,終日中止,0,60,10,終日中止,10,終日中止,10,5,20,5,13,5,5,35,終日中止,0,0,10,0,5,,50,5,45,30,10,55,40,35,5,25,,90,90,終日中止,終日中止,10,20,終日中止,終日中止,70,終日中止,20,10,5,15,5,20,5,30,5,15,15,,90,5,40,45,40,25,10,10,,45,130
17:32,,終日中止,5,5,10,,5,0,5,0,終日中止,0,60,10,終日中止,10,終日中止,10,5,20,5,13,5,5,35,終日中止,0,0,10,0,5,,50,5,45,30,10,55,40,35,5,25,,90,90,終日中止,終日中止,10,20,終日中止,終日中止,70,終日中止,20,10,5,15,5,20,5,30,5,15,15,,90,5,40,45,40,25,10,10,,45,130
17:33,,終日中止,5,5,10,,5,0,5,0,終日中止,0,60,10,終日中止,10,終日中止,10,5,20,5,13,5,5,35,終日中止,0,0,10,0,5,,50,5,45,30,10,55,40,35,5,25,,90,90,終日中止,終日中止,10,20,終日中止,終日中止,70,終日中止,20,10,5,15,5,20,5,30,5,15,15,,90,5,40,45,40,25,10,10,,45,130
17:34,,終日中止,5,5,10,,5,0,5,0,終日中止,0,60,10,終日中止,10,終日中止,10,5,20,5,13,5,5,35,終日中止,0,0,10,0,5,,50,5,45,30,10,55,40,35,5,25,,90,90,終日中止,終日中止,10,20,終日中止,終日中止,70,終日中止,20,10,5,15,5,20,5,25,5,15,15,,90,5,40,45,40,25,10,10,,45,130
17:35,,終日中止,5,5,10,,5,0,5,0,終日中止,0,60,10,終日中止,10,終日中止,10,5,15,5,13,5,5,35,終日中止,0,0,10,0,5,,50,5,45,30,10,55,40,35,5,25,,90,90,終日中止,終日中止,10,20,終日中止,終日中止,70,終日中止,20,10,5,15,5,20,5,25,5,15,15,,90,5,40,45,40,25,10,10,,45,130
17:36,,終日中止,5,5,10,,5,0,5,0,終日中止,0,60,10,終日中止,10,終日中止,10,5,15,5,13,5,5,35,終日中止,0,0,5,0,5,,50,5,40,30,10,55,40,35,5,25,,90,90,終日中止,終日中止,10,20,終日中止,終日中止,70,終日中止,20,10,5,15,5,20,5,25,5,15,15,,90,5,40,45,40,25,10,10,,45,130
17:37,,終日中止,5,5,10,,5,0,5,0,終日中止,0,60,10,終日中止,10,終日中止,10,5,15,5,13,5,5,35,終日中止,0,0,5,0,5,,50,5,40,30,10,55,40,35,5,25,,70,90,終日中止,終日中止,15,20,終日中止,終日中止,70,終日中止,20,10,5,15,5,20,5,25,5,10,15,,90,5,40,45,40,25,10,10,,45,130
17:38,,終日中止,5,5,10,,5,0,5,0,終日中止,0,60,10,終日中止,10,終日中止,10,5,15,5,13,5,5,35,終日中止,0,0,5,0,5,,50,5,40,30,10,55,40,35,5,25,,70,90,終日中止,終日中止,15,20,終日中止,終日中止,70,終日中止,20,10,5,15,5,20,5,25,5,10,15,,90,5,40,45,40,25,10,10,,45,130
17:39,,終日中止,5,5,10,,5,0,5,0,終日中止,0,60,10,終日中止,10,終日中止,10,5,15,5,13,5,5,35,終日中止,0,0,5,0,5,,30,5,40,30,10,55,35,35,5,25,,70,90,終日中止,終日中止,15,20,終日中止,終日中止,70,終日中止,20,10,5,15,5,20,5,25,5,10,15,,90,5,40,45,40,25,10,10,,45,130
17:40,,終日中止,5,5,10,,5,0,5,0,終日中止,0,60,10,終日中止,10,終日中止,10,5,15,5,13,5,5,35,終日中止,0,0,5,0,5,,30,5,40,30,10,55,40,35,5,25,,70,90,終日中止,終日中止,15,20,終日中止,終日中止,70,終日中止,20,10,5,15,5,20,5,25,5,10,15,,90,5,40,45,40,25,10,10,,45,130
17:41,,終日中止,5,5,10,,5,0,5,0,終日中止,0,60,10,終日中止,10,終日中止,10,5,15,5,13,5,5,35,終日中止,0,0,5,0,5,,30,5,40,30,10,55,40,35,5,25,,70,90,終日中止,終日中止,15,20,終日中止,終日中止,65,終日中止,20,10,5,15,5,20,5,20,5,10,10,,90,5,40,45,40,25,10,10,,45,130
17:42,,終日中止,5,10,10,,5,0,5,0,終日中止,0,60,10,終日中止,10,終日中止,10,5,15,5,13,5,5,30,終日中止,0,0,5,0,5,,30,5,40,25,10,55,35,35,5,25,,70,90,終日中止,終日中止,15,20,終日中止,終日中止,65,終日中止,20,10,5,15,5,20,5,20,5,10,10,,90,5,40,45,40,25,10,10,,45,130
17:43,,終日中止,5,10,10,,5,0,5,0,終日中止,0,60,10,終日中止,10,終日中止,10,5,15,5,13,5,5,30,終日中止,0,0,5,0,5,,30,5,40,25,10,55,35,35,5,25,,70,80,終日中止,終日中止,10,20,終日中止,終日中止,65,終日中止,20,10,5,15,5,20,5,20,5,10,10,,90,5,40,45,40,25,10,10,,45,130
17:44,,終日中止,5,10,10,,5,0,5,0,終日中止,0,60,10,終日中止,10,終日中止,10,5,15,5,13,5,5,30,終日中止,0,0,5,0,5,,30,5,40,25,10,55,35,35,5,25,,70,80,終日中止,終日中止,10,20,終日中止,終日中止,65,終日中止,20,10,5,15,5,20,5,20,5,10,10,,90,5,40,45,40,25,10,10,,45,130
17:45,,終日中止,5,10,10,,5,0,5,0,終日中止,0,60,10,終日中止,10,終日中止,10,5,15,5,13,5,5,30,終日中止,0,0,5,0,5,,30,5,40,25,10,55,35,35,5,25,,70,80,終日中止,終日中止,10,20,終日中止,終日中止,65,終日中止,20,10,5,15,5,20,5,20,5,10,10,,90,5,40,45,40,25,10,10,,45,130
17:46,,終日中止,5,10,10,,5,0,5,0,終日中止,0,60,10,終日中止,10,終日中止,10,5,15,5,13,5,5,30,終日中止,0,0,5,0,5,,30,5,40,25,10,55,35,35,5,25,,70,80,終日中止,終日中止,10,20,終日中止,終日中止,60,終日中止,20,10,5,15,5,20,5,15,5,10,10,,90,5,40,45,45,25,10,10,,45,130
17:47,,終日中止,5,10,10,,5,0,5,0,終日中止,0,60,10,終日中止,10,終日中止,10,5,15,5,13,5,5,30,終日中止,0,0,5,0,5,,30,5,40,25,10,55,35,35,5,25,,70,80,終日中止,終日中止,10,20,終日中止,終日中止,60,終日中止,20,10,5,15,5,20,5,15,5,10,10,,90,5,40,45,45,25,10,10,,45,130
17:48,,終日中止,5,10,10,,5,0,5,0,終日中止,0,60,10,終日中止,10,終日中止,10,5,15,5,13,5,5,30,終日中止,0,0,5,0,5,,30,5,40,25,10,55,35,35,5,25,,70,80,終日中止,終日中止,10,20,終日中止,終日中止,60,終日中止,20,10,5,15,5,20,5,15,5,10,10,,90,5,40,45,45,25,10,10,,45,130
17:49,,終日中止,5,10,10,,5,0,5,0,終日中止,0,60,10,終日中止,10,終日中止,10,5,15,5,13,5,5,30,終日中止,0,0,5,0,5,,20,5,40,25,10,55,35,35,5,25,,70,80,終日中止,終日中止,10,20,終日中止,終日中止,60,終日中止,20,10,5,15,5,20,5,15,5,10,10,,90,5,40,45,45,25,10,10,,45,130
17:50,,終日中止,5,10,10,,5,0,5,0,終日中止,0,60,10,終日中止,10,終日中止,10,5,15,5,13,5,5,30,終日中止,0,0,5,0,5,,20,5,40,25,10,55,35,35,5,25,,70,80,終日中止,終日中止,10,20,終日中止,終日中止,60,終日中止,20,10,5,15,5,20,5,15,5,10,10,,90,5,40,45,45,25,10,10,,45,130
17:51,,終日中止,5,10,10,,5,0,5,0,終日中止,0,60,10,終日中止,10,終日中止,10,5,15,5,13,5,5,30,終日中止,0,0,5,0,5,,20,5,40,25,10,55,35,45,5,25,,70,70,終日中止,終日中止,15,20,終日中止,終日中止,60,終日中止,20,10,5,15,5,20,5,10,5,10,10,,90,5,40,45,40,25,10,10,,40,130
17:52,,終日中止,5,10,10,,5,0,5,0,終日中止,0,60,10,終日中止,10,終日中止,10,5,15,5,13,5,5,30,終日中止,0,0,5,0,5,,20,5,40,25,10,55,35,45,5,25,,70,70,終日中止,終日中止,15,20,終日中止,終日中止,50,終日中止,20,10,5,15,5,20,5,10,5,10,10,,90,5,40,45,40,30,10,10,,40,130
17:53,,終日中止,5,10,10,,5,0,5,0,終日中止,0,60,10,終日中止,10,終日中止,10,5,15,5,13,5,5,30,終日中止,0,0,5,0,5,,20,5,40,25,10,55,35,45,5,25,,70,70,終日中止,終日中止,15,20,終日中止,終日中止,50,終日中止,20,10,5,15,5,20,5,10,5,10,10,,90,5,40,45,40,30,10,10,,40,130
17:54,,終日中止,5,10,10,,5,0,5,0,終日中止,0,60,10,終日中止,10,終日中止,10,5,15,5,13,5,5,30,終日中止,0,0,5,0,5,,20,5,40,25,10,55,35,45,5,25,,70,70,終日中止,終日中止,15,20,終日中止,終日中止,50,終日中止,20,10,5,15,5,20,5,10,5,10,10,,90,5,40,45,40,30,10,10,,40,130
17:55,,終日中止,5,10,10,,5,0,5,0,終日中止,0,60,10,終日中止,10,終日中止,10,5,15,5,13,5,5,30,終日中止,0,0,5,0,5,,20,5,40,25,10,55,35,45,5,25,,70,70,終日中止,終日中止,15,20,終日中止,終日中止,50,終日中止,20,10,5,15,5,20,5,5,5,15,10,,90,5,40,45,40,30,10,10,,40,130
17:56,,終日中止,5,10,10,,5,0,5,0,終日中止,0,60,10,終日中止,10,終日中止,10,5,15,5,13,5,5,30,終日中止,0,0,5,0,5,,20,5,40,25,10,55,35,45,5,25,,70,70,終日中止,終日中止,15,20,終日中止,終日中止,50,終日中止,20,10,5,15,5,20,5,5,5,15,10,,90,5,40,45,40,30,10,10,,40,130
17:57,,終日中止,5,10,10,,5,0,5,0,終日中止,0,60,10,終日中止,10,終日中止,10,5,15,5,13,5,5,30,終日中止,0,0,5,0,5,,20,5,40,25,10,55,35,45,5,25,,70,70,終日中止,終日中止,15,20,終日中止,終日中止,50,終日中止,20,10,5,15,5,20,5,5,5,15,10,,90,5,40,45,40,30,10,10,,40,130
17:58,,終日中止,5,10,10,,5,0,5,0,終日中止,0,60,10,終日中止,10,終日中止,10,5,15,5,13,5,5,30,終日中止,0,0,5,0,5,,20,5,35,20,10,55,35,45,5,25,,70,70,終日中止,終日中止,15,20,終日中止,終日中止,45,終日中止,20,10,5,15,5,15,5,5,5,15,10,,90,5,40,45,40,30,10,10,,40,130
17:59,,終日中止,5,5,10,,5,0,5,0,終日中止,0,60,10,終日中止,10,終日中止,10,5,15,5,13,5,5,30,終日中止,0,0,5,0,5,,20,5,35,20,10,55,35,45,5,25,,70,70,終日中止,終日中止,15,20,終日中止,終日中止,45,終日中止,20,10,5,15,5,15,5,5,5,15,10,,90,5,40,45,40,30,10,10,,40,130
18:0,,終日中止,5,5,10,,5,0,5,0,終日中止,0,60,10,終日中止,10,終日中止,10,5,15,5,13,5,5,30,終日中止,0,0,5,0,5,,20,5,35,15,10,55,35,45,5,25,,70,70,終日中止,終日中止,15,20,終日中止,終日中止,45,終日中止,20,10,5,15,5,15,5,5,5,15,10,,90,5,40,45,40,30,10,10,,40,130
18:1,,終日中止,5,5,10,,5,0,5,0,終日中止,0,60,10,終日中止,10,終日中止,10,5,15,5,13,5,5,30,終日中止,0,0,5,0,5,,25,5,35,15,10,55,35,45,5,25,,60,70,終日中止,終日中止,10,20,終日中止,終日中止,40,終日中止,20,10,5,15,5,15,5,30,5,15,10,,90,5,40,45,40,30,10,10,,40,130
18:2,,終日中止,5,5,10,,5,0,5,0,終日中止,0,60,10,終日中止,10,終日中止,10,5,15,5,13,5,5,30,終日中止,0,0,5,0,5,,25,5,35,15,10,55,35,45,5,25,,60,70,終日中止,終日中止,10,20,終日中止,終日中止,45,終日中止,20,10,5,15,5,15,5,30,5,15,10,,90,5,40,45,40,30,10,10,,40,130
18:3,,終日中止,5,5,10,,5,0,5,0,終日中止,0,60,10,終日中止,10,終日中止,10,5,15,5,13,5,5,30,終日中止,0,0,5,0,5,,25,5,35,15,10,55,35,45,5,25,,60,70,終日中止,終日中止,10,20,終日中止,終日中止,45,終日中止,20,10,5,15,5,15,5,30,5,15,10,,90,5,40,45,40,30,10,10,,40,130
18:4,,終日中止,5,5,10,,5,0,5,0,終日中止,0,60,10,終日中止,10,終日中止,10,5,15,5,13,5,5,30,終日中止,0,0,5,0,5,,25,5,35,10,10,55,35,45,5,25,,60,70,終日中止,終日中止,10,20,終日中止,終日中止,40,終日中止,20,10,5,15,5,15,5,30,5,15,10,,90,5,40,45,40,30,10,10,,40,130
18:5,,終日中止,5,5,10,,5,0,5,0,終日中止,0,60,10,終日中止,10,終日中止,10,5,15,5,13,5,5,30,終日中止,0,0,5,0,5,,25,5,35,10,10,55,35,45,5,25,,60,70,終日中止,終日中止,10,20,終日中止,終日中止,40,終日中止,20,5,5,15,5,15,5,25,5,15,5,,90,5,40,45,40,30,10,10,,40,130
18:6,,終日中止,5,5,10,,5,0,5,0,終日中止,0,60,10,終日中止,10,終日中止,10,5,15,5,13,5,5,20,終日中止,0,0,5,0,5,,25,5,35,10,10,55,35,45,5,25,,60,70,終日中止,終日中止,10,20,終日中止,終日中止,40,終日中止,20,5,5,15,5,15,5,25,5,15,5,,90,5,40,45,40,30,10,10,,40,130
18:7,,終日中止,5,5,10,,5,0,5,0,終日中止,0,45,10,終日中止,10,終日中止,10,5,15,5,13,5,5,20,終日中止,0,0,5,0,5,,25,5,35,10,10,55,45,45,5,25,,60,70,終日中止,終日中止,10,20,終日中止,終日中止,40,終日中止,20,5,5,15,5,15,5,25,5,15,5,,90,5,40,45,35,30,10,10,,35,130
18:8,,終日中止,5,5,10,,5,0,5,0,終日中止,0,45,10,終日中止,10,終日中止,10,5,15,5,13,5,5,20,終日中止,0,0,5,0,5,,25,5,35,10,10,55,45,45,5,25,,60,70,終日中止,終日中止,15,20,終日中止,終日中止,40,終日中止,20,5,5,15,5,15,5,25,5,15,5,,90,5,40,45,35,30,10,10,,35,130
18:9,,終日中止,5,5,10,,5,0,5,0,終日中止,0,45,10,終日中止,10,終日中止,10,5,15,5,13,5,5,20,終日中止,0,0,5,0,5,,25,5,35,10,10,55,45,45,5,25,,60,70,終日中止,終日中止,15,20,終日中止,終日中止,40,終日中止,20,5,5,15,5,15,5,20,5,15,5,,90,5,40,45,35,30,10,10,,35,130
18:10,,終日中止,5,5,10,,5,0,5,0,終日中止,0,45,10,終日中止,5,終日中止,10,5,15,5,13,5,5,20,終日中止,0,0,5,0,5,,25,5,35,10,10,55,45,45,5,25,,60,70,終日中止,終日中止,10,20,終日中止,終日中止,40,終日中止,20,5,5,15,5,15,5,25,5,15,5,,90,5,40,45,35,30,10,10,,35,130
18:11,,終日中止,5,5,10,,5,0,5,0,終日中止,0,45,10,終日中止,5,終日中止,10,5,15,5,13,5,5,20,終日中止,0,0,5,0,5,,25,5,20,10,10,55,45,45,5,25,,60,70,終日中止,終日中止,10,20,終日中止,終日中止,40,終日中止,20,5,5,15,5,15,5,25,5,15,5,,90,5,40,45,35,30,10,10,,35,130
18:12,,終日中止,5,5,10,,5,0,5,0,終日中止,0,45,10,終日中止,5,終日中止,10,5,15,5,13,5,5,20,終日中止,0,0,5,0,5,,25,5,20,10,10,55,45,45,5,25,,60,70,終日中止,終日中止,15,20,終日中止,終日中止,40,終日中止,20,5,5,15,5,15,5,25,5,15,5,,90,5,40,45,35,30,10,10,,35,130
18:13,,終日中止,5,5,10,,5,0,5,0,終日中止,0,45,10,終日中止,5,終日中止,10,5,15,5,13,5,5,20,終日中止,0,0,5,0,5,,30,5,20,10,10,55,45,45,5,25,,60,70,終日中止,終日中止,15,20,終日中止,終日中止,40,終日中止,20,5,5,15,5,15,5,20,5,15,5,,90,5,40,45,35,30,10,10,,35,130
18:14,,終日中止,5,5,10,,5,0,5,0,終日中止,0,45,10,終日中止,5,終日中止,10,5,15,5,13,5,5,20,終日中止,0,0,5,0,5,,30,5,20,10,10,55,45,45,5,25,,60,70,終日中止,終日中止,15,20,終日中止,終日中止,40,終日中止,20,5,5,15,5,15,5,20,5,15,5,,90,5,40,45,35,30,10,10,,35,130
18:15,,終日中止,5,5,10,,5,0,5,0,終日中止,0,45,10,終日中止,5,終日中止,10,5,15,5,13,5,5,20,終日中止,0,0,5,0,5,,30,5,20,10,10,55,45,45,5,25,,60,70,終日中止,終日中止,10,20,終日中止,終日中止,40,終日中止,20,5,5,15,5,15,5,20,5,15,5,,90,5,40,45,35,30,10,10,,35,130
18:16,,終日中止,5,5,10,,5,0,5,0,終日中止,0,45,10,終日中止,5,終日中止,10,5,15,5,13,5,5,20,終日中止,0,0,5,0,5,,30,5,20,10,10,55,45,45,5,25,,60,70,終日中止,終日中止,10,20,終日中止,終日中止,40,終日中止,20,5,5,15,5,15,5,15,5,15,5,,90,5,40,40,35,30,10,10,,35,130
18:17,,終日中止,5,5,10,,5,0,5,0,終日中止,0,40,10,終日中止,10,終日中止,10,5,15,5,13,5,5,20,終日中止,0,0,5,0,5,,30,5,20,10,10,55,45,45,5,25,,60,70,終日中止,終日中止,10,20,終日中止,終日中止,40,終日中止,20,5,5,15,5,15,5,15,5,15,5,,90,5,40,40,35,30,10,10,,35,130
18:18,,終日中止,5,5,10,,5,0,5,0,終日中止,0,40,10,終日中止,10,終日中止,10,5,15,5,13,5,5,14,終日中止,0,0,5,0,5,,30,5,20,15,10,55,45,45,5,25,,60,70,終日中止,終日中止,10,20,終日中止,終日中止,40,終日中止,20,5,5,15,5,15,5,15,5,15,5,,90,5,40,40,35,30,10,10,,35,130
18:19,,終日中止,5,5,10,,5,0,5,0,終日中止,0,40,10,終日中止,5,終日中止,10,5,15,5,13,5,5,14,終日中止,0,0,5,0,5,,30,5,20,15,10,55,45,45,5,25,,60,70,終日中止,終日中止,10,20,終日中止,終日中止,40,終日中止,20,5,5,15,5,15,5,15,5,15,5,,90,5,40,40,30,30,10,10,,30,130
18:20,,終日中止,5,5,10,,5,0,5,0,終日中止,0,40,10,終日中止,5,終日中止,10,5,15,5,13,5,5,14,終日中止,0,0,5,0,5,,30,5,20,15,10,55,45,45,5,25,,60,70,終日中止,終日中止,10,20,終日中止,終日中止,40,終日中止,20,5,5,15,5,15,5,15,5,15,10,,90,5,40,40,30,30,10,10,,30,130
18:21,,終日中止,5,5,10,,5,0,5,0,終日中止,0,40,10,終日中止,10,終日中止,10,5,15,5,13,5,5,14,終日中止,0,0,5,0,5,,35,5,20,10,10,55,45,45,5,25,,60,70,終日中止,終日中止,10,20,終日中止,終日中止,40,終日中止,20,5,5,15,5,15,5,15,5,15,10,,90,5,40,40,30,30,10,10,,30,130
18:22,,終日中止,5,5,10,,5,0,5,0,終日中止,0,40,10,終日中止,10,終日中止,10,5,15,5,13,5,5,14,終日中止,0,0,5,0,5,,35,5,20,10,10,55,45,45,5,25,,60,70,終日中止,終日中止,10,20,終日中止,終日中止,40,終日中止,20,5,5,15,5,15,5,10,5,15,10,,90,5,40,35,30,30,10,10,,25,130
18:23,,終日中止,5,5,10,,5,0,5,0,終日中止,0,40,10,終日中止,10,終日中止,10,5,15,5,13,5,5,14,終日中止,0,0,5,0,5,,35,5,20,10,10,55,45,45,5,25,,60,70,終日中止,終日中止,10,20,終日中止,終日中止,40,終日中止,20,5,5,15,5,15,5,10,5,15,10,,90,5,40,35,30,30,10,10,,25,130
18:24,,終日中止,5,5,10,,5,0,5,0,終日中止,0,40,10,終日中止,10,終日中止,10,5,15,5,13,5,5,14,終日中止,0,0,5,0,5,,35,5,20,10,10,55,45,45,5,25,,60,70,終日中止,終日中止,10,20,終日中止,終日中止,40,終日中止,20,5,5,15,5,15,5,10,5,15,10,,90,5,40,35,30,30,10,10,,25,130
18:25,,終日中止,5,5,10,,5,0,5,0,終日中止,0,40,10,終日中止,10,終日中止,10,5,15,5,13,5,5,14,終日中止,0,0,5,0,5,,35,5,20,10,10,40,45,45,5,25,,60,70,終日中止,終日中止,10,20,終日中止,終日中止,40,終日中止,20,5,5,15,5,15,5,10,5,15,10,,90,5,40,35,30,30,10,10,,25,130
18:26,,終日中止,5,5,10,,5,0,5,0,終日中止,0,40,10,終日中止,10,終日中止,10,5,15,5,13,5,5,14,終日中止,0,0,5,0,5,,35,5,20,10,10,40,45,45,5,25,,60,70,終日中止,終日中止,10,20,終日中止,終日中止,40,終日中止,20,5,5,15,5,15,5,10,5,15,10,,90,5,40,35,25,30,10,10,,25,130
18:27,,終日中止,5,5,15,,5,0,5,0,終日中止,0,40,10,終日中止,10,終日中止,10,5,15,5,13,5,5,14,終日中止,0,0,5,0,5,,35,5,20,10,10,10,45,45,5,25,,60,70,終日中止,終日中止,10,20,終日中止,終日中止,40,終日中止,20,5,5,15,5,15,5,10,5,15,10,,90,5,40,35,25,30,10,10,,25,130
18:28,,終日中止,5,5,10,,5,0,5,0,終日中止,0,20,10,終日中止,10,終日中止,10,5,15,5,13,5,5,14,終日中止,0,0,5,0,5,,35,5,20,15,10,10,45,45,5,25,,60,70,終日中止,終日中止,20,20,終日中止,終日中止,40,終日中止,20,5,5,15,5,15,5,5,5,15,10,,90,5,40,35,25,30,10,10,,25,130
18:29,,終日中止,5,5,10,,5,0,5,0,終日中止,0,20,10,終日中止,10,終日中止,10,5,15,5,13,5,5,14,終日中止,0,0,5,0,5,,35,5,20,15,10,10,45,45,5,25,,60,70,終日中止,終日中止,20,20,終日中止,終日中止,40,終日中止,20,5,5,15,5,15,5,5,5,15,10,,90,5,40,35,25,30,10,10,,25,130
18:30,,終日中止,5,5,10,,5,0,5,0,終日中止,0,20,10,終日中止,10,終日中止,10,5,15,5,13,5,5,14,終日中止,0,0,5,0,5,,35,5,20,10,10,10,45,45,5,25,,60,70,終日中止,終日中止,20,20,終日中止,終日中止,40,終日中止,20,5,5,15,5,15,5,5,5,15,10,,90,5,40,35,30,30,10,10,,25,130
18:31,,終日中止,5,5,15,,5,0,5,0,終日中止,0,20,10,終日中止,10,終日中止,10,5,15,5,13,5,5,14,終日中止,0,0,5,0,5,,35,5,20,10,10,10,45,45,5,25,,60,70,終日中止,終日中止,20,20,終日中止,終日中止,40,終日中止,20,5,5,15,5,15,5,5,5,15,10,,90,5,10,35,30,30,10,10,,25,130
18:32,,終日中止,5,5,15,,5,0,5,0,終日中止,0,20,10,終日中止,10,終日中止,10,5,15,5,13,5,5,14,終日中止,0,0,5,0,5,,35,5,30,15,10,10,45,45,5,25,,60,70,終日中止,終日中止,20,20,終日中止,終日中止,40,終日中止,20,5,5,15,5,15,5,5,5,15,10,,90,5,10,35,30,30,10,10,,25,130
18:33,,終日中止,5,5,15,,5,0,5,0,終日中止,0,20,10,終日中止,10,終日中止,10,5,15,5,13,5,5,14,終日中止,0,0,5,0,5,,35,5,30,15,10,10,45,45,5,25,,60,70,終日中止,終日中止,15,20,終日中止,終日中止,40,終日中止,20,5,5,15,5,15,5,5,5,15,10,,90,5,10,35,30,30,10,10,,25,130
18:34,,終日中止,5,5,15,,5,0,5,0,終日中止,0,20,10,終日中止,10,終日中止,10,5,15,5,13,5,5,14,終日中止,0,0,5,0,5,,35,5,35,15,10,10,45,45,5,25,,60,70,終日中止,終日中止,20,20,終日中止,終日中止,40,終日中止,20,5,5,15,5,15,5,5,5,15,10,,90,5,10,35,30,30,10,10,,25,130
18:35,,終日中止,5,5,15,,5,0,5,0,終日中止,0,20,10,終日中止,10,終日中止,10,5,15,5,13,5,5,14,終日中止,0,0,5,0,5,,35,5,35,20,10,10,45,45,5,25,,60,70,終日中止,終日中止,20,20,終日中止,終日中止,40,終日中止,20,5,5,15,5,15,5,5,5,15,10,,90,5,10,35,30,30,10,10,,25,130
18:36,,終日中止,5,5,15,,5,0,5,0,終日中止,0,20,10,終日中止,10,終日中止,10,5,15,5,13,5,5,14,終日中止,0,0,5,0,5,,35,5,35,20,10,10,45,45,5,25,,60,70,終日中止,終日中止,20,20,終日中止,終日中止,40,終日中止,20,5,5,15,5,15,5,5,5,15,10,,90,5,10,35,30,30,10,10,,25,130
18:37,,終日中止,5,5,15,,5,0,5,0,終日中止,0,20,10,終日中止,10,終日中止,10,5,15,5,13,5,5,14,終日中止,0,0,5,0,5,,35,5,35,20,10,10,45,45,5,25,,60,70,終日中止,終日中止,15,20,終日中止,終日中止,35,終日中止,20,5,5,5,5,15,5,5,5,10,10,,90,5,10,35,30,30,10,10,,25,130
18:38,,終日中止,5,5,15,,5,0,5,0,終日中止,0,20,10,終日中止,10,終日中止,10,5,15,5,13,5,5,14,終日中止,0,0,5,0,5,,35,5,35,20,10,10,45,45,5,25,,60,70,終日中止,終日中止,15,20,終日中止,終日中止,35,終日中止,20,5,5,5,5,15,5,5,5,10,10,,90,5,10,35,30,30,10,10,,25,130
18:39,,終日中止,5,5,15,,5,0,5,0,終日中止,0,20,10,終日中止,10,終日中止,10,5,15,5,13,5,5,14,終日中止,0,0,5,0,5,,35,5,35,20,10,10,45,45,5,25,,60,70,終日中止,終日中止,15,20,終日中止,終日中止,35,終日中止,20,5,5,5,5,15,5,5,5,10,10,,90,5,10,35,30,30,10,10,,25,130
18:40,,終日中止,5,5,15,,5,0,5,0,終日中止,0,20,10,終日中止,10,終日中止,10,5,15,5,13,5,5,14,終日中止,0,0,5,0,5,,35,5,35,20,10,10,45,45,5,25,,60,70,終日中止,終日中止,10,20,終日中止,終日中止,35,終日中止,20,5,5,5,5,15,5,5,5,10,10,,90,5,10,35,30,30,10,10,,15,130
18:41,,終日中止,5,5,15,,5,0,5,0,終日中止,0,20,10,終日中止,10,終日中止,10,5,15,5,13,5,5,14,終日中止,0,0,5,0,5,,35,5,35,20,10,10,45,45,5,25,,60,70,終日中止,終日中止,10,20,終日中止,終日中止,35,終日中止,20,5,5,5,5,15,5,5,5,10,5,,90,5,10,35,30,30,10,10,,15,130
18:42,,終日中止,5,5,15,,5,0,5,0,終日中止,0,20,10,終日中止,10,終日中止,10,5,15,5,13,5,5,20,終日中止,0,0,5,0,5,,35,5,35,20,10,10,45,45,5,25,,60,70,終日中止,終日中止,10,20,終日中止,終日中止,35,終日中止,20,5,5,5,5,15,5,5,5,10,5,,90,5,10,35,30,30,10,10,,15,130
18:43,,終日中止,5,5,15,,5,0,5,0,終日中止,0,20,10,終日中止,10,終日中止,10,5,15,5,13,5,5,20,終日中止,0,0,5,0,5,,35,5,35,20,10,10,45,45,5,25,,60,70,終日中止,終日中止,10,20,終日中止,終日中止,35,終日中止,20,5,5,5,5,10,5,5,5,10,5,,90,5,10,35,30,10,10,10,,15,130
18:44,,終日中止,5,5,15,,5,0,5,0,終日中止,0,20,10,終日中止,10,終日中止,10,5,15,5,13,5,5,20,終日中止,0,0,5,0,5,,35,5,35,20,10,10,45,45,5,25,,60,70,終日中止,終日中止,10,20,終日中止,終日中止,35,終日中止,20,5,5,5,5,10,5,5,5,10,5,,90,5,10,35,30,10,10,10,,15,130
18:45,,終日中止,5,5,15,,5,0,5,0,終日中止,0,20,10,終日中止,5,終日中止,10,5,10,5,13,5,5,20,終日中止,0,0,5,0,5,,35,5,35,20,10,10,45,45,5,25,,60,70,終日中止,終日中止,10,20,終日中止,終日中止,35,終日中止,20,5,5,5,5,10,5,5,5,10,5,,90,5,10,35,30,10,10,10,,15,130
18:46,,終日中止,5,5,15,,5,0,5,0,終日中止,0,20,10,終日中止,5,終日中止,10,5,10,5,13,5,5,20,終日中止,0,0,5,0,5,,35,5,35,20,10,10,45,45,5,25,,60,70,終日中止,終日中止,10,20,終日中止,終日中止,30,終日中止,20,5,5,5,5,10,5,5,5,10,5,,90,5,10,35,30,10,10,10,,15,130
18:47,,終日中止,5,5,15,,5,0,5,0,終日中止,0,20,10,終日中止,5,終日中止,10,5,10,5,13,5,5,20,終日中止,0,0,5,0,5,,35,5,35,20,10,10,45,45,5,25,,60,70,終日中止,終日中止,10,20,終日中止,終日中止,30,終日中止,20,5,5,5,5,10,5,5,5,10,5,,90,5,10,35,30,10,10,10,,15,130
18:48,,終日中止,5,5,15,,5,0,5,0,終日中止,0,20,10,終日中止,5,終日中止,10,5,10,5,13,5,5,20,終日中止,0,0,5,0,5,,35,5,35,20,10,10,45,45,5,25,,60,70,終日中止,終日中止,10,20,終日中止,終日中止,30,終日中止,20,5,5,5,5,10,5,5,5,10,5,,90,5,10,35,30,10,10,10,,15,130
18:49,,終日中止,5,5,15,,5,0,5,0,終日中止,0,20,10,終日中止,5,終日中止,10,5,10,5,13,5,5,20,終日中止,0,0,5,0,5,,35,5,35,25,10,10,45,45,5,25,,60,70,終日中止,終日中止,10,20,終日中止,終日中止,30,終日中止,20,5,5,5,5,10,5,5,5,10,5,,90,5,10,35,30,10,10,10,,15,130
18:50,,終日中止,5,5,15,,5,0,5,0,終日中止,0,20,10,終日中止,5,終日中止,10,5,10,5,13,5,5,20,終日中止,0,0,5,0,5,,35,5,35,25,10,10,45,45,5,25,,60,70,終日中止,終日中止,10,20,終日中止,終日中止,30,終日中止,20,5,5,5,5,10,5,5,5,10,5,,90,5,10,35,30,10,10,10,,15,130
18:51,,終日中止,5,5,15,,5,0,5,0,終日中止,0,20,10,終日中止,5,終日中止,10,5,10,5,13,5,5,20,終日中止,0,0,5,0,5,,35,5,25,20,10,10,45,45,5,25,,60,70,終日中止,終日中止,10,20,終日中止,終日中止,20,終日中止,20,5,5,5,5,10,5,5,5,10,5,,90,5,10,35,30,10,10,10,,15,130
18:52,,終日中止,5,5,15,,5,0,5,0,終日中止,0,20,10,終日中止,5,終日中止,10,5,10,5,13,5,5,20,終日中止,0,0,5,0,5,,35,5,25,20,10,10,45,45,5,25,,60,70,終日中止,終日中止,10,20,終日中止,終日中止,20,終日中止,20,5,5,5,5,10,5,5,5,10,5,,90,5,10,35,30,10,10,10,,10,130
18:53,,終日中止,5,5,15,,5,0,5,0,終日中止,0,20,10,終日中止,5,終日中止,10,5,10,5,13,5,5,20,終日中止,0,0,5,0,5,,35,5,25,20,10,10,45,45,5,25,,60,70,終日中止,終日中止,10,20,終日中止,終日中止,20,終日中止,20,5,5,5,5,10,5,5,5,10,5,,90,5,10,35,30,10,10,10,,10,130
18:54,,終日中止,5,5,15,,5,0,5,0,終日中止,0,20,10,終日中止,5,終日中止,10,5,10,5,13,5,5,20,終日中止,0,0,5,0,5,,35,5,25,20,10,10,45,45,5,25,,60,70,終日中止,終日中止,10,20,終日中止,終日中止,20,終日中止,20,5,5,5,5,10,5,5,5,10,5,,90,5,10,35,30,10,10,10,,10,130
18:55,,終日中止,5,5,15,,5,0,5,0,終日中止,0,20,10,終日中止,5,終日中止,10,5,10,5,13,5,5,20,終日中止,0,0,5,0,5,,35,5,25,20,10,10,45,45,5,25,,60,70,終日中止,終日中止,10,20,終日中止,終日中止,20,終日中止,20,5,5,5,5,10,5,5,5,10,5,,90,5,10,35,30,10,10,10,,10,130
18:56,,終日中止,5,5,15,,5,0,5,0,終日中止,0,20,10,終日中止,5,終日中止,10,5,10,5,13,5,5,14,終日中止,0,0,5,0,5,,35,5,25,15,10,10,45,45,5,25,,60,70,終日中止,終日中止,10,20,終日中止,終日中止,20,終日中止,20,5,5,5,5,10,5,5,5,10,5,,90,5,10,35,30,10,10,10,,10,130
18:57,,終日中止,5,5,15,,5,0,5,0,終日中止,0,20,10,終日中止,5,終日中止,10,5,10,5,13,5,5,14,終日中止,0,0,5,0,5,,35,5,25,15,10,10,45,45,5,25,,60,70,終日中止,終日中止,10,20,終日中止,終日中止,20,終日中止,20,5,5,5,5,10,5,5,5,10,5,,90,5,10,35,30,10,10,10,,10,130
18:58,,終日中止,5,5,15,,5,0,5,0,終日中止,0,20,10,終日中止,5,終日中止,10,5,10,5,13,5,5,14,終日中止,0,0,5,0,5,,25,5,25,15,10,10,45,45,5,25,,60,70,終日中止,終日中止,10,20,終日中止,終日中止,15,終日中止,20,5,5,5,5,10,5,5,5,10,5,,90,5,10,35,30,10,10,10,,10,130
18:59,,終日中止,5,5,15,,5,0,5,0,終日中止,0,20,10,終日中止,5,終日中止,10,5,10,5,13,5,5,14,終日中止,0,0,5,0,5,,25,5,25,15,10,10,45,45,5,25,,60,70,終日中止,終日中止,10,20,終日中止,終日中止,15,終日中止,20,5,5,5,5,10,5,5,5,10,5,,90,5,10,35,30,10,10,10,,10,130
19:0,,終日中止,5,5,15,,5,0,5,0,終日中止,0,20,10,終日中止,5,終日中止,10,5,10,5,13,5,5,14,終日中止,0,0,5,0,5,,25,5,25,10,10,10,45,45,5,25,,60,70,終日中止,終日中止,10,20,終日中止,終日中止,15,終日中止,20,5,5,5,5,10,5,5,5,10,5,,90,5,10,35,30,10,10,10,,10,130
19:1,,終日中止,5,5,15,,5,0,5,0,終日中止,0,20,10,終日中止,5,終日中止,10,5,10,5,13,5,5,8,終日中止,0,0,5,0,5,,25,5,25,10,10,10,45,45,5,25,,60,70,終日中止,終日中止,10,20,終日中止,終日中止,15,終日中止,20,5,5,5,5,10,5,5,5,10,5,,90,5,10,35,30,10,10,10,,10,130
19:2,,終日中止,5,5,15,,5,0,5,0,終日中止,0,20,10,終日中止,5,終日中止,10,5,10,5,13,5,5,8,終日中止,0,0,5,0,5,,25,5,25,10,10,10,45,45,5,25,,60,70,終日中止,終日中止,10,20,終日中止,終日中止,15,終日中止,20,5,5,5,5,10,5,5,5,10,5,,90,5,10,35,30,10,10,10,,10,130
19:3,,終日中止,5,5,15,,5,0,5,0,終日中止,0,20,10,終日中止,5,終日中止,10,5,10,5,13,5,5,8,終日中止,0,0,5,0,5,,25,5,25,10,10,10,45,45,5,25,,60,70,終日中止,終日中止,10,20,終日中止,終日中止,15,終日中止,20,5,5,5,5,10,5,5,5,10,5,,90,5,10,35,30,10,10,10,,10,130
19:4,,終日中止,5,5,15,,5,0,5,0,終日中止,0,20,10,終日中止,5,終日中止,10,5,10,5,13,5,5,8,終日中止,0,0,5,0,5,,25,5,25,10,10,10,45,45,5,25,,60,70,終日中止,終日中止,10,20,終日中止,終日中止,10,終日中止,20,5,5,5,5,10,5,5,5,10,5,,90,5,10,35,30,10,10,10,,10,130
19:5,,終日中止,5,5,15,,5,0,5,0,終日中止,0,20,10,終日中止,5,終日中止,10,5,10,5,13,5,5,8,終日中止,0,0,5,0,5,,25,5,25,10,10,10,45,45,5,25,,60,70,終日中止,終日中止,10,20,終日中止,終日中止,10,終日中止,20,5,5,5,5,10,5,5,5,10,5,,90,5,10,35,30,10,10,10,,10,130
19:6,,終日中止,5,5,15,,5,0,5,0,終日中止,0,20,10,終日中止,5,終日中止,10,5,10,5,13,5,5,8,終日中止,0,0,5,0,5,,25,5,25,10,10,10,45,45,5,25,,60,70,終日中止,終日中止,10,20,終日中止,終日中止,10,終日中止,20,5,5,5,5,10,5,5,5,10,5,,90,5,10,35,30,10,10,10,,10,130
19:7,,終日中止,5,5,15,,5,0,5,0,終日中止,0,20,10,終日中止,5,終日中止,10,5,10,5,13,5,5,8,終日中止,0,0,5,0,5,,25,5,25,10,10,10,10,10,5,25,,60,70,終日中止,終日中止,10,20,終日中止,終日中止,10,終日中止,20,5,5,5,5,10,5,5,5,10,5,,90,5,10,35,30,10,10,10,,10,130
19:8,,終日中止,5,5,15,,5,0,5,0,終日中止,0,20,10,終日中止,5,終日中止,10,5,10,5,13,5,5,8,終日中止,0,0,5,0,5,,25,5,25,10,10,10,10,10,5,25,,60,70,終日中止,終日中止,10,20,終日中止,終日中止,10,終日中止,20,5,5,5,5,10,5,5,5,10,5,,90,5,10,35,30,10,10,10,,10,130
19:9,,終日中止,5,5,15,,5,0,5,0,終日中止,0,20,10,終日中止,5,終日中止,10,5,10,5,13,5,5,8,終日中止,0,0,5,0,5,,25,5,25,10,10,10,10,10,5,25,,60,70,終日中止,終日中止,10,20,終日中止,終日中止,10,終日中止,20,5,5,5,5,10,5,5,5,10,5,,90,5,10,35,30,10,10,10,,10,130
19:10,,終日中止,5,5,15,,5,0,5,0,終日中止,0,20,10,終日中止,5,終日中止,10,5,10,5,13,5,5,8,終日中止,0,0,5,0,5,,25,5,25,10,10,10,10,10,5,25,,60,70,終日中止,終日中止,10,20,終日中止,終日中止,10,終日中止,20,5,5,5,5,10,5,5,5,10,5,,90,5,10,35,30,10,10,10,,10,130
19:11,,終日中止,5,5,15,,5,0,5,0,終日中止,0,20,10,終日中止,5,終日中止,10,5,10,5,13,5,5,8,終日中止,0,0,5,0,5,,25,5,25,10,10,10,10,10,5,25,,60,70,終日中止,終日中止,10,20,終日中止,終日中止,10,終日中止,20,5,5,5,5,10,5,5,5,10,5,,90,5,10,35,30,10,10,10,,10,130
19:12,,終日中止,5,5,15,,5,0,5,0,終日中止,0,20,10,終日中止,5,終日中止,10,5,10,5,13,5,5,8,終日中止,0,0,5,0,5,,25,5,25,10,10,10,10,10,5,25,,60,70,終日中止,終日中止,10,20,終日中止,終日中止,10,終日中止,20,5,5,5,5,10,5,5,5,10,5,,90,5,10,35,30,10,10,10,,10,130
19:13,,終日中止,5,5,15,,5,0,5,0,終日中止,0,20,10,終日中止,5,終日中止,10,5,10,5,13,5,5,8,終日中止,0,0,5,0,5,,25,5,25,10,10,10,10,10,5,25,,60,70,終日中止,終日中止,10,20,終日中止,終日中止,10,終日中止,20,5,5,5,5,10,5,5,5,10,5,,90,5,10,35,30,10,10,10,,10,130
19:14,,終日中止,5,5,15,,5,0,5,0,終日中止,0,20,10,終日中止,5,終日中止,10,5,10,5,13,5,5,8,終日中止,0,0,5,0,5,,25,5,25,10,10,10,10,10,5,25,,60,70,終日中止,終日中止,10,20,終日中止,終日中止,10,終日中止,20,5,5,5,5,10,5,5,5,10,5,,90,5,10,35,30,10,10,10,,10,130
19:15,,終日中止,5,5,15,,5,0,5,0,終日中止,0,20,10,終日中止,5,終日中止,10,5,10,5,13,5,5,8,終日中止,0,0,5,0,5,,25,5,25,10,10,10,10,10,5,25,,60,70,終日中止,終日中止,10,20,終日中止,終日中止,10,終日中止,20,5,5,5,5,10,5,5,5,10,5,,90,5,10,35,30,10,10,10,,10,130
19:16,,終日中止,5,5,15,,5,0,5,0,終日中止,0,20,10,終日中止,5,終日中止,10,5,10,5,13,5,5,8,終日中止,0,0,5,0,5,,25,5,25,10,10,10,10,10,5,25,,60,70,終日中止,終日中止,10,20,終日中止,終日中止,10,終日中止,20,5,5,5,5,10,5,5,5,10,5,,90,5,10,35,30,10,10,10,,10,130
19:17,,終日中止,5,5,15,,5,0,5,0,終日中止,0,20,10,終日中止,5,終日中止,10,5,10,5,13,5,5,8,終日中止,0,0,5,0,5,,25,5,25,10,10,10,10,10,5,25,,60,70,終日中止,終日中止,10,20,終日中止,終日中止,10,終日中止,20,5,5,5,5,10,5,5,5,10,5,,90,5,10,35,30,10,10,10,,10,130
19:18,,終日中止,5,5,15,,5,0,5,0,終日中止,0,20,10,終日中止,5,終日中止,10,5,10,5,13,5,5,8,終日中止,0,0,5,0,5,,25,5,25,10,10,10,10,10,5,25,,60,70,終日中止,終日中止,10,20,終日中止,終日中止,10,終日中止,20,5,5,5,5,10,5,5,5,10,5,,90,5,10,35,30,10,10,10,,10,130
19:19,,終日中止,5,5,15,,5,0,5,0,終日中止,0,20,10,終日中止,5,終日中止,10,5,10,5,13,5,5,8,終日中止,0,0,5,0,5,,25,5,25,10,10,10,10,10,5,25,,60,70,終日中止,終日中止,10,20,終日中止,終日中止,10,終日中止,20,5,5,5,5,10,5,5,5,10,5,,90,5,10,35,30,10,10,10,,10,130
19:20,,終日中止,5,5,15,,5,0,5,0,終日中止,0,20,10,終日中止,5,終日中止,10,5,10,5,13,5,5,8,終日中止,0,0,5,0,5,,25,5,25,10,10,10,10,10,5,25,,60,70,終日中止,終日中止,10,20,終日中止,終日中止,10,終日中止,20,5,5,5,5,10,5,5,5,10,5,,90,5,10,35,30,10,10,10,,10,130
19:21,,終日中止,5,5,15,,5,0,5,0,終日中止,0,20,10,終日中止,5,終日中止,10,5,10,5,13,5,5,8,終日中止,0,0,5,0,5,,25,5,25,10,10,10,10,10,5,25,,60,70,終日中止,終日中止,10,20,終日中止,終日中止,10,終日中止,20,5,5,5,5,10,5,5,5,10,5,,90,5,10,35,30,10,10,10,,10,130
19:22,,終日中止,5,5,15,,5,0,5,0,終日中止,0,20,10,終日中止,5,終日中止,10,5,10,5,13,5,5,8,終日中止,0,0,5,0,5,,25,5,25,10,10,10,10,10,5,25,,60,70,終日中止,終日中止,10,20,終日中止,終日中止,10,終日中止,20,5,5,5,5,10,5,5,5,10,5,,90,5,10,35,30,10,10,10,,10,130
19:23,,終日中止,5,5,15,,5,0,5,0,終日中止,0,20,10,終日中止,5,終日中止,10,5,10,5,13,5,5,8,終日中止,0,0,5,0,5,,25,5,25,10,10,10,10,10,5,25,,60,70,終日中止,終日中止,10,20,終日中止,終日中止,10,終日中止,20,5,5,5,5,10,5,5,5,10,5,,90,5,10,35,30,10,10,10,,10,130
19:24,,終日中止,5,5,15,,5,0,5,0,終日中止,0,20,10,終日中止,5,終日中止,10,5,10,5,13,5,5,8,終日中止,0,0,5,0,5,,25,5,25,10,10,10,10,10,5,25,,60,70,終日中止,終日中止,10,20,終日中止,終日中止,10,終日中止,20,5,5,5,5,10,5,5,5,10,5,,90,5,10,35,30,10,10,10,,10,130
19:25,,終日中止,5,5,15,,5,0,5,0,終日中止,0,20,10,終日中止,5,終日中止,10,5,10,5,13,5,5,8,終日中止,0,0,5,0,5,,25,5,25,10,10,10,10,10,5,25,,60,70,終日中止,終日中止,10,20,終日中止,終日中止,10,終日中止,20,5,5,5,5,10,5,5,5,10,5,,90,5,10,35,30,10,10,10,,10,130
19:26,,終日中止,5,5,15,,5,0,5,0,終日中止,0,20,10,終日中止,5,終日中止,10,5,10,5,13,5,5,8,終日中止,0,0,5,0,5,,25,5,25,10,10,10,10,10,5,25,,60,70,終日中止,終日中止,10,20,終日中止,終日中止,10,終日中止,20,5,5,5,5,10,5,5,5,10,5,,90,5,10,35,30,10,10,10,,10,130
19:27,,終日中止,5,5,15,,5,0,5,0,終日中止,0,20,10,終日中止,5,終日中止,10,5,10,5,13,5,5,8,終日中止,0,0,5,0,5,,25,5,25,10,10,10,10,10,5,25,,60,70,終日中止,終日中止,10,20,終日中止,終日中止,10,終日中止,20,5,5,5,5,10,5,5,5,10,5,,90,5,10,35,30,10,10,10,,10,130
19:28,,終日中止,5,5,15,,5,0,5,0,終日中止,0,20,10,終日中止,5,終日中止,10,5,10,5,13,5,5,8,終日中止,0,0,5,0,5,,25,5,25,10,10,10,10,10,5,25,,60,70,終日中止,終日中止,10,20,終日中止,終日中止,10,終日中止,20,5,5,5,5,10,5,5,5,10,5,,90,5,10,35,30,10,10,10,,10,130
19:29,,終日中止,5,5,15,,5,0,5,0,終日中止,0,20,10,終日中止,5,終日中止,10,5,10,5,13,5,5,8,終日中止,0,0,5,0,5,,25,5,25,10,10,10,10,10,5,25,,60,70,終日中止,終日中止,10,20,終日中止,終日中止,10,終日中止,20,5,5,5,5,10,5,5,5,10,5,,90,5,10,35,30,10,10,10,,10,130
19:30,,終日中止,5,5,15,,5,0,5,0,終日中止,0,20,10,終日中止,5,終日中止,10,5,10,5,13,5,5,8,終日中止,0,0,5,0,5,,25,5,25,10,10,10,10,10,5,25,,60,70,終日中止,終日中止,10,20,終日中止,終日中止,10,終日中止,20,5,5,5,5,10,5,5,5,10,5,,90,5,10,35,30,10,10,10,,10,130
19:31,,終日中止,5,5,15,,5,0,5,0,終日中止,0,20,10,終日中止,5,終日中止,10,5,10,5,13,5,5,8,終日中止,0,0,5,0,5,,25,5,25,10,10,10,10,10,5,25,,60,70,終日中止,終日中止,10,20,終日中止,終日中止,10,終日中止,20,5,5,5,5,10,5,5,5,10,5,,90,5,10,35,30,10,10,10,,10,130
19:32,,終日中止,5,5,15,,5,0,5,0,終日中止,0,20,10,終日中止,5,終日中止,10,5,10,5,13,5,5,8,終日中止,0,0,5,0,5,,25,5,25,10,10,10,10,10,5,25,,60,70,終日中止,終日中止,10,20,終日中止,終日中止,10,終日中止,20,5,5,5,5,10,5,5,5,10,5,,90,5,10,35,30,10,10,10,,10,130
19:33,,終日中止,5,5,15,,5,0,5,0,終日中止,0,20,10,終日中止,5,終日中止,10,5,10,5,13,5,5,8,終日中止,0,0,5,0,5,,25,5,25,10,10,10,10,10,5,25,,60,70,終日中止,終日中止,10,20,終日中止,終日中止,10,終日中止,20,5,5,5,5,10,5,5,5,10,5,,90,5,10,35,30,10,10,10,,10,130
19:34,,終日中止,5,5,15,,5,0,5,0,終日中止,0,20,10,終日中止,5,終日中止,10,5,10,5,13,5,5,8,終日中止,0,0,5,0,5,,25,5,25,10,10,10,10,10,5,25,,60,70,終日中止,終日中止,10,20,終日中止,終日中止,10,終日中止,20,5,5,5,5,10,5,5,5,10,5,,90,5,10,35,30,10,10,10,,10,130
19:35,,終日中止,5,5,15,,5,0,5,0,終日中止,0,20,10,終日中止,5,終日中止,10,5,10,5,13,5,5,8,終日中止,0,0,5,0,5,,25,5,25,10,10,10,10,10,5,25,,60,70,終日中止,終日中止,10,20,終日中止,終日中止,10,終日中止,20,5,5,5,5,10,5,5,5,10,5,,90,5,10,35,30,10,10,10,,10,130
19:36,,終日中止,5,5,15,,5,0,5,0,終日中止,0,20,10,終日中止,5,終日中止,10,5,10,5,13,5,5,8,終日中止,0,0,5,0,5,,25,5,25,10,10,10,10,10,5,25,,60,70,終日中止,終日中止,10,20,終日中止,終日中止,10,終日中止,20,5,5,5,5,10,5,5,5,10,5,,90,5,10,35,30,10,10,10,,10,130
19:37,,終日中止,5,5,15,,5,0,5,0,終日中止,0,20,10,終日中止,5,終日中止,10,5,10,5,13,5,5,8,終日中止,0,0,5,0,5,,25,5,25,10,10,10,10,10,5,25,,60,70,終日中止,終日中止,10,20,終日中止,終日中止,10,終日中止,20,5,5,5,5,10,5,5,5,10,5,,90,5,10,35,30,10,10,10,,10,130
19:38,,終日中止,5,5,15,,5,0,5,0,終日中止,0,20,10,終日中止,5,終日中止,10,5,10,5,13,5,5,8,終日中止,0,0,5,0,5,,25,5,25,10,10,10,10,10,5,25,,60,70,終日中止,終日中止,10,20,終日中止,終日中止,10,終日中止,20,5,5,5,5,10,5,5,5,10,5,,90,5,10,35,30,10,10,10,,10,130
19:39,,終日中止,5,5,15,,5,0,5,0,終日中止,0,20,10,終日中止,5,終日中止,10,5,10,5,13,5,5,8,終日中止,0,0,5,0,5,,25,5,25,10,10,10,10,10,5,25,,60,70,終日中止,終日中止,10,20,終日中止,終日中止,10,終日中止,20,5,5,5,5,10,5,5,5,10,5,,90,5,10,35,30,10,10,10,,10,130
19:40,,終日中止,5,5,15,,5,0,5,0,終日中止,0,20,10,終日中止,5,終日中止,10,5,10,5,13,5,5,8,終日中止,0,0,5,0,5,,25,5,25,10,10,10,10,10,5,25,,60,70,終日中止,終日中止,10,20,終日中止,終日中止,10,終日中止,20,5,5,5,5,10,5,5,5,10,5,,90,5,10,35,30,10,10,10,,10,130
19:41,,終日中止,5,5,15,,5,0,5,0,終日中止,0,20,10,終日中止,5,終日中止,10,5,10,5,13,5,5,8,終日中止,0,0,5,0,5,,25,5,25,10,10,10,10,10,5,25,,60,70,終日中止,終日中止,10,20,終日中止,終日中止,10,終日中止,20,5,5,5,5,10,5,5,5,10,5,,90,5,10,35,30,10,10,10,,10,130
19:42,,終日中止,5,5,15,,5,0,5,0,終日中止,0,20,10,終日中止,5,終日中止,10,5,10,5,13,5,5,8,終日中止,0,0,5,0,5,,25,5,25,10,10,10,10,10,5,25,,60,70,終日中止,終日中止,10,20,終日中止,終日中止,10,終日中止,20,5,5,5,5,10,5,5,5,10,5,,90,5,10,35,30,10,10,10,,10,130
19:43,,終日中止,5,5,15,,5,0,5,0,終日中止,0,20,10,終日中止,5,終日中止,10,5,10,5,13,5,5,8,終日中止,0,0,5,0,5,,25,5,25,10,10,10,10,10,5,25,,60,70,終日中止,終日中止,10,20,終日中止,終日中止,10,終日中止,20,5,5,5,5,10,5,5,5,10,5,,90,5,10,35,30,10,10,10,,10,130
19:44,,終日中止,5,5,15,,5,0,5,0,終日中止,0,20,10,終日中止,5,終日中止,10,5,10,5,13,5,5,8,終日中止,0,0,5,0,5,,25,5,25,10,10,10,10,10,5,25,,60,70,終日中止,終日中止,10,20,終日中止,終日中止,10,終日中止,20,5,5,5,5,10,5,5,5,10,5,,90,5,10,35,30,10,10,10,,10,130
19:45,,終日中止,5,5,15,,5,0,5,0,終日中止,0,20,10,終日中止,5,終日中止,10,5,10,5,13,5,5,8,終日中止,0,0,5,0,5,,25,5,25,10,10,10,10,10,5,25,,60,70,終日中止,終日中止,10,20,終日中止,終日中止,10,終日中止,20,5,5,5,5,10,5,5,5,10,5,,90,5,10,35,30,10,10,10,,10,130
19:46,,終日中止,5,5,15,,5,0,5,0,終日中止,0,20,10,終日中止,5,終日中止,10,5,10,5,13,5,5,8,終日中止,0,0,5,0,5,,25,5,25,10,10,10,10,10,5,25,,60,70,終日中止,終日中止,10,20,終日中止,終日中止,10,終日中止,20,5,5,5,5,10,5,5,5,10,5,,90,5,10,35,30,10,10,10,,10,130
19:47,,終日中止,5,5,15,,5,0,5,0,終日中止,0,20,10,終日中止,5,終日中止,10,5,10,5,13,5,5,8,終日中止,0,0,5,0,5,,25,5,25,10,10,10,10,10,5,25,,60,70,終日中止,終日中止,10,20,終日中止,終日中止,10,終日中止,20,5,5,5,5,10,5,5,5,10,5,,90,5,10,35,30,10,10,10,,10,130
19:48,,終日中止,5,5,15,,5,0,5,0,終日中止,0,20,10,終日中止,5,終日中止,10,5,10,5,13,5,5,8,終日中止,0,0,5,0,5,,25,5,25,10,10,10,10,10,5,25,,60,70,終日中止,終日中止,10,20,終日中止,終日中止,10,終日中止,20,5,5,5,5,10,5,5,5,10,5,,90,5,10,35,30,10,10,10,,10,130
19:49,,終日中止,5,5,15,,5,0,5,0,終日中止,0,20,10,終日中止,5,終日中止,10,5,10,5,13,5,5,8,終日中止,0,0,5,0,5,,25,5,25,10,10,10,10,10,5,25,,60,70,終日中止,終日中止,10,20,終日中止,終日中止,10,終日中止,20,5,5,5,5,10,5,5,5,10,5,,90,5,10,35,30,10,10,10,,10,130
19:50,,終日中止,5,5,15,,5,0,5,0,終日中止,0,20,10,終日中止,5,終日中止,10,5,10,5,13,5,5,8,終日中止,0,0,5,0,5,,25,5,25,10,10,10,10,10,5,25,,60,70,終日中止,終日中止,10,20,終日中止,終日中止,10,終日中止,20,5,5,5,5,10,5,5,5,10,5,,90,5,10,35,30,10,10,10,,10,130
19:51,,終日中止,5,5,15,,5,0,5,0,終日中止,0,20,10,終日中止,5,終日中止,10,5,10,5,13,5,5,8,終日中止,0,0,5,0,5,,25,5,25,10,10,10,10,10,5,25,,60,70,終日中止,終日中止,10,20,終日中止,終日中止,10,終日中止,20,5,5,5,5,10,5,5,5,10,5,,90,5,10,35,30,10,10,10,,10,130
19:52,,終日中止,5,5,15,,5,0,5,0,終日中止,0,20,10,終日中止,5,終日中止,10,5,10,5,13,5,5,8,終日中止,0,0,5,0,5,,25,5,25,10,10,10,10,10,5,25,,60,70,終日中止,終日中止,10,20,終日中止,終日中止,10,終日中止,20,5,5,5,5,10,5,5,5,10,5,,90,5,10,35,30,10,10,10,,10,130
19:53,,終日中止,5,5,15,,5,0,5,0,終日中止,0,20,10,終日中止,5,終日中止,10,5,10,5,13,5,5,8,終日中止,0,0,5,0,5,,25,5,25,10,10,10,10,10,5,25,,60,70,終日中止,終日中止,10,20,終日中止,終日中止,10,終日中止,20,5,5,5,5,10,5,5,5,10,5,,90,5,10,35,30,10,10,10,,10,130
19:54,,終日中止,5,5,15,,5,0,5,0,終日中止,0,20,10,終日中止,5,終日中止,10,5,10,5,13,5,5,8,終日中止,0,0,5,0,5,,25,5,25,10,10,10,10,10,5,25,,60,70,終日中止,終日中止,10,20,終日中止,終日中止,10,終日中止,20,5,5,5,5,10,5,5,5,10,5,,90,5,10,35,30,10,10,10,,10,130
19:55,,終日中止,5,5,15,,5,0,5,0,終日中止,0,20,10,終日中止,5,終日中止,10,5,10,5,13,5,5,8,終日中止,0,0,5,0,5,,25,5,25,10,10,10,10,10,5,25,,60,70,終日中止,終日中止,10,20,終日中止,終日中止,10,終日中止,20,5,5,5,5,10,5,5,5,10,5,,90,5,10,35,30,10,10,10,,10,130
19:56,,終日中止,5,5,15,,5,0,5,0,終日中止,0,20,10,終日中止,5,終日中止,10,5,10,5,13,5,5,8,終日中止,0,0,5,0,5,,25,5,25,10,10,10,10,10,5,25,,60,70,終日中止,終日中止,10,20,終日中止,終日中止,10,終日中止,20,5,5,5,5,10,5,5,5,10,5,,90,5,10,35,30,10,10,10,,10,130
19:57,,終日中止,5,5,15,,5,0,5,0,終日中止,0,20,10,終日中止,5,終日中止,10,5,10,5,13,5,5,8,終日中止,0,0,5,0,5,,25,5,25,10,10,10,10,10,5,25,,60,70,終日中止,終日中止,10,20,終日中止,終日中止,10,終日中止,20,5,5,5,5,10,5,5,5,10,5,,90,5,10,35,30,10,10,10,,10,130
19:58,,終日中止,5,5,15,,5,0,5,0,終日中止,0,20,10,終日中止,5,終日中止,10,5,10,5,13,5,5,8,終日中止,0,0,5,0,5,,25,5,25,10,10,10,10,10,5,25,,60,70,終日中止,終日中止,10,20,終日中止,終日中止,10,終日中止,20,5,5,5,5,10,5,5,5,10,5,,90,5,10,35,30,10,10,10,,10,130
19:59,,終日中止,5,5,15,,5,0,5,0,終日中止,0,20,10,終日中止,5,終日中止,10,5,10,5,13,5,5,8,終日中止,0,0,5,0,5,,25,5,25,10,10,10,10,10,5,25,,60,70,終日中止,終日中止,10,20,終日中止,終日中止,10,終日中止,20,5,5,5,5,10,5,5,5,10,5,,90,5,10,35,30,10,10,10,,10,130
20:0,,終日中止,5,5,15,,5,0,5,0,終日中止,0,20,10,終日中止,5,終日中止,10,5,10,5,13,5,5,8,終日中止,0,0,5,0,5,,25,5,25,10,10,10,10,10,5,25,,60,70,終日中止,終日中止,10,20,終日中止,終日中止,10,終日中止,20,5,5,5,5,10,5,5,5,10,5,,90,5,10,35,30,10,10,10,,10,130
20:1,,終日中止,5,5,15,,5,0,5,0,終日中止,0,20,10,終日中止,5,終日中止,10,5,10,5,13,5,5,8,終日中止,0,0,5,0,5,,25,5,25,10,10,10,10,10,5,25,,60,70,終日中止,終日中止,10,20,終日中止,終日中止,10,終日中止,20,5,5,5,5,10,5,5,5,10,5,,90,5,10,35,30,10,10,10,,10,130
20:2,,終日中止,5,5,15,,5,0,5,0,終日中止,0,20,10,終日中止,5,終日中止,10,5,10,5,13,5,5,8,終日中止,0,0,5,0,5,,25,5,25,10,10,10,10,10,5,25,,60,70,終日中止,終日中止,10,20,終日中止,終日中止,10,終日中止,20,5,5,5,5,10,5,5,5,10,5,,90,5,10,35,30,10,10,10,,10,130
20:3,,終日中止,5,5,15,,5,0,5,0,終日中止,0,20,10,終日中止,5,終日中止,10,5,10,5,13,5,5,8,終日中止,0,0,5,0,5,,25,5,25,10,10,10,10,10,5,25,,60,70,終日中止,終日中止,10,20,終日中止,終日中止,10,終日中止,20,5,5,5,5,10,5,5,5,10,5,,90,5,10,35,30,10,10,10,,10,130
20:4,,終日中止,5,5,15,,5,0,5,0,終日中止,0,20,10,終日中止,5,終日中止,10,5,10,5,13,5,5,8,終日中止,0,0,5,0,5,,25,5,25,10,10,10,10,10,5,25,,60,70,終日中止,終日中止,10,20,終日中止,終日中止,10,終日中止,20,5,5,5,5,10,5,5,5,10,5,,90,5,10,35,30,10,10,10,,10,130
20:5,,終日中止,5,5,15,,5,0,5,0,終日中止,0,20,10,終日中止,5,終日中止,10,5,10,5,13,5,5,8,終日中止,0,0,5,0,5,,25,5,25,10,10,10,10,10,5,25,,60,70,終日中止,終日中止,10,20,終日中止,終日中止,10,終日中止,20,5,5,5,5,10,5,5,5,10,5,,90,5,10,35,30,10,10,10,,10,130
20:6,,終日中止,5,5,15,,5,0,5,0,終日中止,0,20,10,終日中止,5,終日中止,10,5,10,5,13,5,5,8,終日中止,0,0,5,0,5,,25,5,25,10,10,10,10,10,5,25,,60,70,終日中止,終日中止,10,20,終日中止,終日中止,10,終日中止,20,5,5,5,5,10,5,5,5,10,5,,90,5,10,35,30,10,10,10,,10,130
20:7,,終日中止,5,5,15,,5,0,5,0,終日中止,0,20,10,終日中止,5,終日中止,10,5,10,5,13,5,5,8,終日中止,0,0,5,0,5,,25,5,25,10,10,10,10,10,5,25,,60,70,終日中止,終日中止,10,20,終日中止,終日中止,10,終日中止,20,5,5,5,5,10,5,5,5,10,5,,90,5,10,35,30,10,10,10,,10,130
20:8,,終日中止,5,5,15,,5,0,5,0,終日中止,0,20,10,終日中止,5,終日中止,10,5,10,5,13,5,5,8,終日中止,0,0,5,0,5,,25,5,25,10,10,10,10,10,5,25,,60,70,終日中止,終日中止,10,20,終日中止,終日中止,10,終日中止,20,5,5,5,5,10,5,5,5,10,5,,90,5,10,35,30,10,10,10,,10,130
20:9,,終日中止,5,5,15,,5,0,5,0,終日中止,0,20,10,終日中止,5,終日中止,10,5,10,5,13,5,5,8,終日中止,0,0,5,0,5,,25,5,25,10,10,10,10,10,5,25,,60,70,終日中止,終日中止,10,20,終日中止,終日中止,10,終日中止,20,5,5,5,5,10,5,5,5,10,5,,90,5,10,35,30,10,10,10,,10,130
20:10,,終日中止,5,5,15,,5,0,5,0,終日中止,0,20,10,終日中止,5,終日中止,10,5,10,5,13,5,5,8,終日中止,0,0,5,0,5,,25,5,25,10,10,10,10,10,5,25,,60,70,終日中止,終日中止,10,20,終日中止,終日中止,10,終日中止,20,5,5,5,5,10,5,5,5,10,5,,90,5,10,35,30,10,10,10,,10,130
20:11,,終日中止,5,5,15,,5,0,5,0,終日中止,0,20,10,終日中止,5,終日中止,10,5,10,5,13,5,5,8,終日中止,0,0,5,0,5,,25,5,25,10,10,10,10,10,5,25,,60,70,終日中止,終日中止,10,20,終日中止,終日中止,10,終日中止,20,5,5,5,5,10,5,5,5,10,5,,90,5,10,35,30,10,10,10,,10,130
20:12,,終日中止,5,5,15,,5,0,5,0,終日中止,0,20,10,終日中止,5,終日中止,10,5,10,5,13,5,5,8,終日中止,0,0,5,0,5,,25,5,25,10,10,10,10,10,5,25,,60,70,終日中止,終日中止,10,20,終日中止,終日中止,10,終日中止,20,5,5,5,5,10,5,5,5,10,5,,90,5,10,35,30,10,10,10,,10,130
20:13,,終日中止,5,5,15,,5,0,5,0,終日中止,0,20,10,終日中止,5,終日中止,10,5,10,5,13,5,5,8,終日中止,0,0,5,0,5,,25,5,25,10,10,10,10,10,5,25,,60,70,終日中止,終日中止,10,20,終日中止,終日中止,10,終日中止,20,5,5,5,5,10,5,5,5,10,5,,90,5,10,35,30,10,10,10,,10,130
20:14,,終日中止,5,5,15,,5,0,5,0,終日中止,0,20,10,終日中止,5,終日中止,10,5,10,5,13,5,5,8,終日中止,0,0,5,0,5,,25,5,25,10,10,10,10,10,5,25,,60,70,終日中止,終日中止,10,20,終日中止,終日中止,10,終日中止,20,5,5,5,5,10,5,5,5,10,5,,90,5,10,35,30,10,10,10,,10,130
20:15,,終日中止,5,5,15,,5,0,5,0,終日中止,0,20,10,終日中止,5,終日中止,10,5,10,5,13,5,5,8,終日中止,0,0,5,0,5,,25,5,25,10,10,10,10,10,5,25,,60,70,終日中止,終日中止,10,20,終日中止,終日中止,10,終日中止,20,5,5,5,5,10,5,5,5,10,5,,90,5,10,35,30,10,10,10,,10,130
20:16,,終日中止,5,5,15,,5,0,5,0,終日中止,0,20,10,終日中止,5,終日中止,10,5,10,5,13,5,5,8,終日中止,0,0,5,0,5,,25,5,25,10,10,10,10,10,5,25,,60,70,終日中止,終日中止,10,20,終日中止,終日中止,10,終日中止,20,5,5,5,5,10,5,5,5,10,5,,90,5,10,35,30,10,10,10,,10,130
20:17,,終日中止,5,5,15,,5,0,5,0,終日中止,0,20,10,終日中止,5,終日中止,10,5,10,5,13,5,5,8,終日中止,0,0,5,0,5,,25,5,25,10,10,10,10,10,5,25,,60,70,終日中止,終日中止,10,20,終日中止,終日中止,10,終日中止,20,5,5,5,5,10,5,5,5,10,5,,90,5,10,35,30,10,10,10,,10,130
20:18,,終日中止,5,5,15,,5,0,5,0,終日中止,0,20,10,終日中止,5,終日中止,10,5,10,5,13,5,5,8,終日中止,0,0,5,0,5,,25,5,25,10,10,10,10,10,5,25,,60,70,終日中止,終日中止,10,20,終日中止,終日中止,10,終日中止,20,5,5,5,5,10,5,5,5,10,5,,90,5,10,35,30,10,10,10,,10,130
20:19,,終日中止,5,5,15,,5,0,5,0,終日中止,0,20,10,終日中止,5,終日中止,10,5,10,5,13,5,5,8,終日中止,0,0,5,0,5,,25,5,25,10,10,10,10,10,5,25,,60,70,終日中止,終日中止,10,20,終日中止,終日中止,10,終日中止,20,5,5,5,5,10,5,5,5,10,5,,90,5,10,35,30,10,10,10,,10,130
20:20,,終日中止,5,5,15,,5,0,5,0,終日中止,0,20,10,終日中止,5,終日中止,10,5,10,5,13,5,5,8,終日中止,0,0,5,0,5,,25,5,25,10,10,10,10,10,5,25,,60,70,終日中止,終日中止,10,20,終日中止,終日中止,10,終日中止,20,5,5,5,5,10,5,5,5,10,5,,90,5,10,35,30,10,10,10,,10,130
20:21,,終日中止,5,5,15,,5,0,5,0,終日中止,0,20,10,終日中止,5,終日中止,10,5,10,5,13,5,5,8,終日中止,0,0,5,0,5,,25,5,25,10,10,10,10,10,5,25,,60,70,終日中止,終日中止,10,20,終日中止,終日中止,10,終日中止,20,5,5,5,5,10,5,5,5,10,5,,90,5,10,35,30,10,10,10,,10,130
20:22,,終日中止,5,5,15,,5,0,5,0,終日中止,0,20,10,終日中止,5,終日中止,10,5,10,5,13,5,5,8,終日中止,0,0,5,0,5,,25,5,25,10,10,10,10,10,5,25,,60,70,終日中止,終日中止,10,20,終日中止,終日中止,10,終日中止,20,5,5,5,5,10,5,5,5,10,5,,90,5,10,35,30,10,10,10,,10,130
20:23,,終日中止,5,5,15,,5,0,5,0,終日中止,0,20,10,終日中止,5,終日中止,10,5,10,5,13,5,5,8,終日中止,0,0,5,0,5,,25,5,25,10,10,10,10,10,5,25,,60,70,終日中止,終日中止,10,20,終日中止,終日中止,10,終日中止,20,5,5,5,5,10,5,5,5,10,5,,90,5,10,35,30,10,10,10,,10,130
20:24,,終日中止,5,5,15,,5,0,5,0,終日中止,0,20,10,終日中止,5,終日中止,10,5,10,5,13,5,5,8,終日中止,0,0,5,0,5,,25,5,25,10,10,10,10,10,5,25,,60,70,終日中止,終日中止,10,20,終日中止,終日中止,10,終日中止,20,5,5,5,5,10,5,5,5,10,5,,90,5,10,35,30,10,10,10,,10,130
20:25,,終日中止,5,5,15,,5,0,5,0,終日中止,0,20,10,終日中止,5,終日中止,10,5,10,5,13,5,5,8,終日中止,0,0,5,0,5,,25,5,25,10,10,10,10,10,5,25,,60,70,終日中止,終日中止,10,20,終日中止,終日中止,10,終日中止,20,5,5,5,5,10,5,5,5,10,5,,90,5,10,35,30,10,10,10,,10,130
20:26,,終日中止,5,5,15,,5,0,5,0,終日中止,0,20,10,終日中止,5,終日中止,10,5,10,5,13,5,5,8,終日中止,0,0,5,0,5,,25,5,25,10,10,10,10,10,5,25,,60,70,終日中止,終日中止,10,20,終日中止,終日中止,10,終日中止,20,5,5,5,5,10,5,5,5,10,5,,90,5,10,35,30,10,10,10,,10,130
20:27,,終日中止,5,5,15,,5,0,5,0,終日中止,0,20,10,終日中止,5,終日中止,10,5,10,5,13,5,5,8,終日中止,0,0,5,0,5,,25,5,25,10,10,10,10,10,5,25,,60,70,終日中止,終日中止,10,20,終日中止,終日中止,10,終日中止,20,5,5,5,5,10,5,5,5,10,5,,90,5,10,35,30,10,10,10,,10,130
20:28,,終日中止,5,5,15,,5,0,5,0,終日中止,0,20,10,終日中止,5,終日中止,10,5,10,5,13,5,5,8,終日中止,0,0,5,0,5,,25,5,25,10,10,10,10,10,5,25,,60,70,終日中止,終日中止,10,20,終日中止,終日中止,10,終日中止,20,5,5,5,5,10,5,5,5,10,5,,90,5,10,35,30,10,10,10,,10,130
20:29,,終日中止,5,5,15,,5,0,5,0,終日中止,0,20,10,終日中止,5,終日中止,10,5,10,5,13,5,5,8,終日中止,0,0,5,0,5,,25,5,25,10,10,10,10,10,5,25,,60,70,終日中止,終日中止,10,20,終日中止,終日中止,10,終日中止,20,5,5,5,5,10,5,5,5,10,5,,90,5,10,35,30,10,10,10,,10,130
20:30,,終日中止,5,5,15,,5,0,5,0,終日中止,0,20,10,終日中止,5,終日中止,10,5,10,5,13,5,5,8,終日中止,0,0,5,0,5,,25,5,25,10,10,10,10,10,5,25,,60,70,終日中止,終日中止,10,20,終日中止,終日中止,10,終日中止,20,5,5,5,5,10,5,5,5,10,5,,90,5,10,35,30,10,10,10,,10,130
20:31,,終日中止,5,5,15,,5,0,5,0,終日中止,0,20,10,終日中止,5,終日中止,10,5,10,5,13,5,5,8,終日中止,0,0,5,0,5,,25,5,25,10,10,10,10,10,5,25,,60,70,終日中止,終日中止,10,20,終日中止,終日中止,10,終日中止,20,5,5,5,5,10,5,5,5,10,5,,90,5,10,35,30,10,10,10,,10,130
20:32,,終日中止,5,5,15,,5,0,5,0,終日中止,0,20,10,終日中止,5,終日中止,10,5,10,5,13,5,5,8,終日中止,0,0,5,0,5,,25,5,25,10,10,10,10,10,5,25,,60,70,終日中止,終日中止,10,20,終日中止,終日中止,10,終日中止,20,5,5,5,5,10,5,5,5,10,5,,90,5,10,35,30,10,10,10,,10,130
20:33,,終日中止,5,5,15,,5,0,5,0,終日中止,0,20,10,終日中止,5,終日中止,10,5,10,5,13,5,5,8,終日中止,0,0,5,0,5,,25,5,25,10,10,10,10,10,5,25,,60,70,終日中止,終日中止,10,20,終日中止,終日中止,10,終日中止,20,5,5,5,5,10,5,5,5,10,5,,90,5,10,35,30,10,10,10,,10,130
20:34,,終日中止,5,5,15,,5,0,5,0,終日中止,0,20,10,終日中止,5,終日中止,10,5,10,5,13,5,5,8,終日中止,0,0,5,0,5,,25,5,25,10,10,10,10,10,5,25,,60,70,終日中止,終日中止,10,20,終日中止,終日中止,10,終日中止,20,5,5,5,5,10,5,5,5,10,5,,90,5,10,35,30,10,10,10,,10,130
20:35,,終日中止,5,5,15,,5,0,5,0,終日中止,0,20,10,終日中止,5,終日中止,10,5,10,5,13,5,5,8,終日中止,0,0,5,0,5,,25,5,25,10,10,10,10,10,5,25,,60,70,終日中止,終日中止,10,20,終日中止,終日中止,10,終日中止,20,5,5,5,5,10,5,5,5,10,5,,90,5,10,35,30,10,10,10,,10,130
20:36,,終日中止,5,5,15,,5,0,5,0,終日中止,0,20,10,終日中止,5,終日中止,10,5,10,5,13,5,5,8,終日中止,0,0,5,0,5,,25,5,25,10,10,10,10,10,5,25,,60,70,終日中止,終日中止,10,20,終日中止,終日中止,10,終日中止,20,5,5,5,5,10,5,5,5,10,5,,90,5,10,35,30,10,10,10,,10,130
20:37,,終日中止,5,5,15,,5,0,5,0,終日中止,0,20,10,終日中止,5,終日中止,10,5,10,5,13,5,5,8,終日中止,0,0,5,0,5,,25,5,25,10,10,10,10,10,5,25,,60,70,終日中止,終日中止,10,20,終日中止,終日中止,10,終日中止,20,5,5,5,5,10,5,5,5,10,5,,90,5,10,35,30,10,10,10,,10,130
20:38,,終日中止,5,5,15,,5,0,5,0,終日中止,0,20,10,終日中止,5,終日中止,10,5,10,5,13,5,5,8,終日中止,0,0,5,0,5,,25,5,25,10,10,10,10,10,5,25,,60,70,終日中止,終日中止,10,20,終日中止,終日中止,10,終日中止,20,5,5,5,5,10,5,5,5,10,5,,90,5,10,35,30,10,10,10,,10,130
20:39,,終日中止,5,5,15,,5,0,5,0,終日中止,0,20,10,終日中止,5,終日中止,10,5,10,5,13,5,5,8,終日中止,0,0,5,0,5,,25,5,25,10,10,10,10,10,5,25,,60,70,終日中止,終日中止,10,20,終日中止,終日中止,10,終日中止,20,5,5,5,5,10,5,5,5,10,5,,90,5,10,35,30,10,10,10,,10,130
20:40,,終日中止,5,5,15,,5,0,5,0,終日中止,0,20,10,終日中止,5,終日中止,10,5,10,5,13,5,5,8,終日中止,0,0,5,0,5,,25,5,25,10,10,10,10,10,5,25,,60,70,終日中止,終日中止,10,20,終日中止,終日中止,10,終日中止,20,5,5,5,5,10,5,5,5,10,5,,90,5,10,35,30,10,10,10,,10,130
20:41,,終日中止,5,5,15,,5,0,5,0,終日中止,0,20,10,終日中止,5,終日中止,10,5,10,5,13,5,5,8,終日中止,0,0,5,0,5,,25,5,25,10,10,10,10,10,5,25,,60,70,終日中止,終日中止,10,20,終日中止,終日中止,10,終日中止,20,5,5,5,5,10,5,5,5,10,5,,90,5,10,35,30,10,10,10,,10,130
20:42,,終日中止,5,5,15,,5,0,5,0,終日中止,0,20,10,終日中止,5,終日中止,10,5,10,5,13,5,5,8,終日中止,0,0,5,0,5,,25,5,25,10,10,10,10,10,5,25,,60,70,終日中止,終日中止,10,20,終日中止,終日中止,10,終日中止,20,5,5,5,5,10,5,5,5,10,5,,90,5,10,35,30,10,10,10,,10,130
20:43,,終日中止,5,5,15,,5,0,5,0,終日中止,0,20,10,終日中止,5,終日中止,10,5,10,5,13,5,5,8,終日中止,0,0,5,0,5,,25,5,25,10,10,10,10,10,5,25,,60,70,終日中止,終日中止,10,20,終日中止,終日中止,10,終日中止,20,5,5,5,5,10,5,5,5,10,5,,90,5,10,35,30,10,10,10,,10,130
20:44,,終日中止,5,5,15,,5,0,5,0,終日中止,0,20,10,終日中止,5,終日中止,10,5,10,5,13,5,5,8,終日中止,0,0,5,0,5,,25,5,25,10,10,10,10,10,5,25,,60,70,終日中止,終日中止,10,20,終日中止,終日中止,10,終日中止,20,5,5,5,5,10,5,5,5,10,5,,90,5,10,35,30,10,10,10,,10,130
20:45,,終日中止,5,5,15,,5,0,5,0,終日中止,0,20,10,終日中止,5,終日中止,10,5,10,5,13,5,5,8,終日中止,0,0,5,0,5,,25,5,25,10,10,10,10,10,5,25,,60,70,終日中止,終日中止,10,20,終日中止,終日中止,10,終日中止,20,5,5,5,5,10,5,5,5,10,5,,90,5,10,35,30,10,10,10,,10,130
20:46,,終日中止,5,5,15,,5,0,5,0,終日中止,0,20,10,終日中止,5,終日中止,10,5,10,5,13,5,5,8,終日中止,0,0,5,0,5,,25,5,25,10,10,10,10,10,5,25,,60,70,終日中止,終日中止,10,20,終日中止,終日中止,10,終日中止,20,5,5,5,5,10,5,5,5,10,5,,90,5,10,35,30,10,10,10,,10,130
20:47,,終日中止,5,5,15,,5,0,5,0,終日中止,0,20,10,終日中止,5,終日中止,10,5,10,5,13,5,5,8,終日中止,0,0,5,0,5,,25,5,25,10,10,10,10,10,5,25,,60,70,終日中止,終日中止,10,20,終日中止,終日中止,10,終日中止,20,5,5,5,5,10,5,5,5,10,5,,90,5,10,35,30,10,10,10,,10,130
20:48,,終日中止,5,5,15,,5,0,5,0,終日中止,0,20,10,終日中止,5,終日中止,10,5,10,5,13,5,5,8,終日中止,0,0,5,0,5,,25,5,25,10,10,10,10,10,5,25,,60,70,終日中止,終日中止,10,20,終日中止,終日中止,10,終日中止,20,5,5,5,5,10,5,5,5,10,5,,90,5,10,35,30,10,10,10,,10,130
20:49,,終日中止,5,5,15,,5,0,5,0,終日中止,0,20,10,終日中止,5,終日中止,10,5,10,5,13,5,5,8,終日中止,0,0,5,0,5,,25,5,25,10,10,10,10,10,5,25,,60,70,終日中止,終日中止,10,20,終日中止,終日中止,10,終日中止,20,5,5,5,5,10,5,5,5,10,5,,90,5,10,35,30,10,10,10,,10,130
20:50,,終日中止,5,5,15,,5,0,5,0,終日中止,0,20,10,終日中止,5,終日中止,10,5,10,5,13,5,5,8,終日中止,0,0,5,0,5,,25,5,25,10,10,10,10,10,5,25,,60,70,終日中止,終日中止,10,20,終日中止,終日中止,10,終日中止,20,5,5,5,5,10,5,5,5,10,5,,90,5,10,35,30,10,10,10,,10,130
20:51,,終日中止,5,5,15,,5,0,5,0,終日中止,0,20,10,終日中止,5,終日中止,10,5,10,5,13,5,5,8,終日中止,0,0,5,0,5,,25,5,25,10,10,10,10,10,5,25,,60,70,終日中止,終日中止,10,20,終日中止,終日中止,10,終日中止,20,5,5,5,5,10,5,5,5,10,5,,90,5,10,35,30,10,10,10,,10,130
20:52,,終日中止,5,5,15,,5,0,5,0,終日中止,0,20,10,終日中止,5,終日中止,10,5,10,5,13,5,5,8,終日中止,0,0,5,0,5,,25,5,25,10,10,10,10,10,5,25,,60,70,終日中止,終日中止,10,20,終日中止,終日中止,10,終日中止,20,5,5,5,5,10,5,5,5,10,5,,90,5,10,35,30,10,10,10,,10,130
20:53,,終日中止,5,5,15,,5,0,5,0,終日中止,0,20,10,終日中止,5,終日中止,10,5,10,5,13,5,5,8,終日中止,0,0,5,0,5,,25,5,25,10,10,10,10,10,5,25,,60,70,終日中止,終日中止,10,20,終日中止,終日中止,10,終日中止,20,5,5,5,5,10,5,5,5,10,5,,90,5,10,35,30,10,10,10,,10,130
20:54,,終日中止,5,5,15,,5,0,5,0,終日中止,0,20,10,終日中止,5,終日中止,10,5,10,5,13,5,5,8,終日中止,0,0,5,0,5,,25,5,25,10,10,10,10,10,5,25,,60,70,終日中止,終日中止,10,20,終日中止,終日中止,10,終日中止,20,5,5,5,5,10,5,5,5,10,5,,90,5,10,35,30,10,10,10,,10,130
20:55,,終日中止,5,5,15,,5,0,5,0,終日中止,0,20,10,終日中止,5,終日中止,10,5,10,5,13,5,5,8,終日中止,0,0,5,0,5,,25,5,25,10,10,10,10,10,5,25,,60,70,終日中止,終日中止,10,20,終日中止,終日中止,10,終日中止,20,5,5,5,5,10,5,5,5,10,5,,90,5,10,35,30,10,10,10,,10,130
20:56,,終日中止,5,5,15,,5,0,5,0,終日中止,0,20,10,終日中止,5,終日中止,10,5,10,5,13,5,5,8,終日中止,0,0,5,0,5,,25,5,25,10,10,10,10,10,5,25,,60,70,終日中止,終日中止,10,20,終日中止,終日中止,10,終日中止,20,5,5,5,5,10,5,5,5,10,5,,90,5,10,35,30,10,10,10,,10,130
20:57,,終日中止,5,5,15,,5,0,5,0,終日中止,0,20,10,終日中止,5,終日中止,10,5,10,5,13,5,5,8,終日中止,0,0,5,0,5,,25,5,25,10,10,10,10,10,5,25,,60,70,終日中止,終日中止,10,20,終日中止,終日中止,10,終日中止,20,5,5,5,5,10,5,5,5,10,5,,90,5,10,35,30,10,10,10,,10,130
20:58,,終日中止,5,5,15,,5,0,5,0,終日中止,0,20,10,終日中止,5,終日中止,10,5,10,5,13,5,5,8,終日中止,0,0,5,0,5,,25,5,25,10,10,10,10,10,5,25,,60,70,終日中止,終日中止,10,20,終日中止,終日中止,10,終日中止,20,5,5,5,5,10,5,5,5,10,5,,90,5,10,35,30,10,10,10,,10,130
20:59,,終日中止,5,5,15,,5,0,5,0,終日中止,0,20,10,終日中止,5,終日中止,10,5,10,5,13,5,5,8,終日中止,0,0,5,0,5,,25,5,25,10,10,10,10,10,5,25,,60,70,終日中止,終日中止,10,20,終日中止,終日中止,10,終日中止,20,5,5,5,5,10,5,5,5,10,5,,90,5,10,35,30,10,10,10,,10,130
21:0,,終日中止,5,5,15,,5,0,5,0,終日中止,0,20,10,終日中止,5,終日中止,10,5,10,5,13,5,5,8,終日中止,0,0,5,0,5,,25,5,25,10,10,10,10,10,5,25,,60,70,終日中止,終日中止,10,20,終日中止,終日中止,10,終日中止,20,5,5,5,5,10,5,5,5,10,5,,90,5,10,35,30,10,10,10,,10,130
21:1,,終日中止,5,5,15,,5,0,5,0,終日中止,0,20,10,終日中止,5,終日中止,10,5,10,5,13,5,5,8,終日中止,0,0,5,0,5,,25,5,25,10,10,10,10,10,5,25,,60,70,終日中止,終日中止,10,20,終日中止,終日中止,10,終日中止,20,5,5,5,5,10,5,5,5,10,5,,90,5,10,35,30,10,10,10,,10,130
21:2,,終日中止,5,5,15,,5,0,5,0,終日中止,0,20,10,終日中止,5,終日中止,10,5,10,5,13,5,5,8,終日中止,0,0,5,0,5,,25,5,25,10,10,10,10,10,5,25,,60,70,終日中止,終日中止,10,20,終日中止,終日中止,10,終日中止,20,5,5,5,5,10,5,5,5,10,5,,90,5,10,35,30,10,10,10,,10,130
21:3,,終日中止,5,5,15,,5,0,5,0,終日中止,0,20,10,終日中止,5,終日中止,10,5,10,5,13,5,5,8,終日中止,0,0,5,0,5,,25,5,25,10,10,10,10,10,5,25,,60,70,終日中止,終日中止,10,20,終日中止,終日中止,10,終日中止,20,5,5,5,5,10,5,5,5,10,5,,90,5,10,35,30,10,10,10,,10,130
21:4,,終日中止,5,5,15,,5,0,5,0,終日中止,0,20,10,終日中止,5,終日中止,10,5,10,5,13,5,5,8,終日中止,0,0,5,0,5,,25,5,25,10,10,10,10,10,5,25,,60,70,終日中止,終日中止,10,20,終日中止,終日中止,10,終日中止,20,5,5,5,5,10,5,5,5,10,5,,90,5,10,35,30,10,10,10,,10,130
21:5,,終日中止,5,5,15,,5,0,5,0,終日中止,0,20,10,終日中止,5,終日中止,10,5,10,5,13,5,5,8,終日中止,0,0,5,0,5,,25,5,25,10,10,10,10,10,5,25,,60,70,終日中止,終日中止,10,20,終日中止,終日中止,10,終日中止,20,5,5,5,5,10,5,5,5,10,5,,90,5,10,35,30,10,10,10,,10,130
21:6,,終日中止,5,5,15,,5,0,5,0,終日中止,0,20,10,終日中止,5,終日中止,10,5,10,5,13,5,5,8,終日中止,0,0,5,0,5,,25,5,25,10,10,10,10,10,5,25,,60,70,終日中止,終日中止,10,20,終日中止,終日中止,10,終日中止,20,5,5,5,5,10,5,5,5,10,5,,90,5,10,35,30,10,10,10,,10,130
21:7,,終日中止,5,5,15,,5,0,5,0,終日中止,0,20,10,終日中止,5,終日中止,10,5,10,5,13,5,5,8,終日中止,0,0,5,0,5,,25,5,25,10,10,10,10,10,5,25,,60,70,終日中止,終日中止,10,20,終日中止,終日中止,10,終日中止,20,5,5,5,5,10,5,5,5,10,5,,90,5,10,35,30,10,10,10,,10,130
21:8,,終日中止,5,5,15,,5,0,5,0,終日中止,0,20,10,終日中止,5,終日中止,10,5,10,5,13,5,5,8,終日中止,0,0,5,0,5,,25,5,25,10,10,10,10,10,5,25,,60,70,終日中止,終日中止,10,20,終日中止,終日中止,10,終日中止,20,5,5,5,5,10,5,5,5,10,5,,90,5,10,35,30,10,10,10,,10,130
21:9,,終日中止,5,5,15,,5,0,5,0,終日中止,0,20,10,終日中止,5,終日中止,10,5,10,5,13,5,5,8,終日中止,0,0,5,0,5,,25,5,25,10,10,10,10,10,5,25,,60,70,終日中止,終日中止,10,20,終日中止,終日中止,10,終日中止,20,5,5,5,5,10,5,5,5,10,5,,90,5,10,35,30,10,10,10,,10,130
21:10,,終日中止,5,5,15,,5,0,5,0,終日中止,0,20,10,終日中止,5,終日中止,10,5,10,5,13,5,5,8,終日中止,0,0,5,0,5,,25,5,25,10,10,10,10,10,5,25,,60,70,終日中止,終日中止,10,20,終日中止,終日中止,10,終日中止,20,5,5,5,5,10,5,5,5,10,5,,90,5,10,35,30,10,10,10,,10,130
21:11,,終日中止,5,5,15,,5,0,5,0,終日中止,0,20,10,終日中止,5,終日中止,10,5,10,5,13,5,5,8,終日中止,0,0,5,0,5,,25,5,25,10,10,10,10,10,5,25,,60,70,終日中止,終日中止,10,20,終日中止,終日中止,10,終日中止,20,5,5,5,5,10,5,5,5,10,5,,90,5,10,35,30,10,10,10,,10,130
21:12,,終日中止,5,5,15,,5,0,5,0,終日中止,0,20,10,終日中止,5,終日中止,10,5,10,5,13,5,5,8,終日中止,0,0,5,0,5,,25,5,25,10,10,10,10,10,5,25,,60,70,終日中止,終日中止,10,20,終日中止,終日中止,10,終日中止,20,5,5,5,5,10,5,5,5,10,5,,90,5,10,35,30,10,10,10,,10,130
21:13,,終日中止,5,5,15,,5,0,5,0,終日中止,0,20,10,終日中止,5,終日中止,10,5,10,5,13,5,5,8,終日中止,0,0,5,0,5,,25,5,25,10,10,10,10,10,5,25,,60,70,終日中止,終日中止,10,20,終日中止,終日中止,10,終日中止,20,5,5,5,5,10,5,5,5,10,5,,90,5,10,35,30,10,10,10,,10,130
21:14,,終日中止,5,5,15,,5,0,5,0,終日中止,0,20,10,終日中止,5,終日中止,10,5,10,5,13,5,5,8,終日中止,0,0,5,0,5,,25,5,25,10,10,10,10,10,5,25,,60,70,終日中止,終日中止,10,20,終日中止,終日中止,10,終日中止,20,5,5,5,5,10,5,5,5,10,5,,90,5,10,35,30,10,10,10,,10,130
21:15,,終日中止,5,5,15,,5,0,5,0,終日中止,0,20,10,終日中止,5,終日中止,10,5,10,5,13,5,5,8,終日中止,0,0,5,0,5,,25,5,25,10,10,10,10,10,5,25,,60,70,終日中止,終日中止,10,20,終日中止,終日中止,10,終日中止,20,5,5,5,5,10,5,5,5,10,5,,90,5,10,35,30,10,10,10,,10,130
21:16,,終日中止,5,5,15,,5,0,5,0,終日中止,0,20,10,終日中止,5,終日中止,10,5,10,5,13,5,5,8,終日中止,0,0,5,0,5,,25,5,25,10,10,10,10,10,5,25,,60,70,終日中止,終日中止,10,20,終日中止,終日中止,10,終日中止,20,5,5,5,5,10,5,5,5,10,5,,90,5,10,35,30,10,10,10,,10,130
21:17,,終日中止,5,5,15,,5,0,5,0,終日中止,0,20,10,終日中止,5,終日中止,10,5,10,5,13,5,5,8,終日中止,0,0,5,0,5,,25,5,25,10,10,10,10,10,5,25,,60,70,終日中止,終日中止,10,20,終日中止,終日中止,10,終日中止,20,5,5,5,5,10,5,5,5,10,5,,90,5,10,35,30,10,10,10,,10,130
21:18,,終日中止,5,5,15,,5,0,5,0,終日中止,0,20,10,終日中止,5,終日中止,10,5,10,5,13,5,5,8,終日中止,0,0,5,0,5,,25,5,25,10,10,10,10,10,5,25,,60,70,終日中止,終日中止,10,20,終日中止,終日中止,10,終日中止,20,5,5,5,5,10,5,5,5,10,5,,90,5,10,35,30,10,10,10,,10,130
21:19,,終日中止,5,5,15,,5,0,5,0,終日中止,0,20,10,終日中止,5,終日中止,10,5,10,5,13,5,5,8,終日中止,0,0,5,0,5,,25,5,25,10,10,10,10,10,5,25,,60,70,終日中止,終日中止,10,20,終日中止,終日中止,10,終日中止,20,5,5,5,5,10,5,5,5,10,5,,90,5,10,35,30,10,10,10,,10,130
21:20,,終日中止,5,5,15,,5,0,5,0,終日中止,0,20,10,終日中止,5,終日中止,10,5,10,5,13,5,5,8,終日中止,0,0,5,0,5,,25,5,25,10,10,10,10,10,5,25,,60,70,終日中止,終日中止,10,20,終日中止,終日中止,10,終日中止,20,5,5,5,5,10,5,5,5,10,5,,90,5,10,35,30,10,10,10,,10,130
21:21,,終日中止,5,5,15,,5,0,5,0,終日中止,0,20,10,終日中止,5,終日中止,10,5,10,5,13,5,5,8,終日中止,0,0,5,0,5,,25,5,25,10,10,10,10,10,5,25,,60,70,終日中止,終日中止,10,20,終日中止,終日中止,10,終日中止,20,5,5,5,5,10,5,5,5,10,5,,90,5,10,35,30,10,10,10,,10,130
21:22,,終日中止,5,5,15,,5,0,5,0,終日中止,0,20,10,終日中止,5,終日中止,10,5,10,5,13,5,5,8,終日中止,0,0,5,0,5,,25,5,25,10,10,10,10,10,5,25,,60,70,終日中止,終日中止,10,20,終日中止,終日中止,10,終日中止,20,5,5,5,5,10,5,5,5,10,5,,90,5,10,35,30,10,10,10,,10,130
21:23,,終日中止,5,5,15,,5,0,5,0,終日中止,0,20,10,終日中止,5,終日中止,10,5,10,5,13,5,5,8,終日中止,0,0,5,0,5,,25,5,25,10,10,10,10,10,5,25,,60,70,終日中止,終日中止,10,20,終日中止,終日中止,10,終日中止,20,5,5,5,5,10,5,5,5,10,5,,90,5,10,35,30,10,10,10,,10,130
21:24,,終日中止,5,5,15,,5,0,5,0,終日中止,0,20,10,終日中止,5,終日中止,10,5,10,5,13,5,5,8,終日中止,0,0,5,0,5,,25,5,25,10,10,10,10,10,5,25,,60,70,終日中止,終日中止,10,20,終日中止,終日中止,10,終日中止,20,5,5,5,5,10,5,5,5,10,5,,90,5,10,35,30,10,10,10,,10,130
21:25,,終日中止,5,5,15,,5,0,5,0,終日中止,0,20,10,終日中止,5,終日中止,10,5,10,5,13,5,5,8,終日中止,0,0,5,0,5,,25,5,25,10,10,10,10,10,5,25,,60,70,終日中止,終日中止,10,20,終日中止,終日中止,10,終日中止,20,5,5,5,5,10,5,5,5,10,5,,90,5,10,35,30,10,10,10,,10,130
21:26,,終日中止,5,5,15,,5,0,5,0,終日中止,0,20,10,終日中止,5,終日中止,10,5,10,5,13,5,5,8,終日中止,0,0,5,0,5,,25,5,25,10,10,10,10,10,5,25,,60,70,終日中止,終日中止,10,20,終日中止,終日中止,10,終日中止,20,5,5,5,5,10,5,5,5,10,5,,90,5,10,35,30,10,10,10,,10,130
21:27,,終日中止,5,5,15,,5,0,5,0,終日中止,0,20,10,終日中止,5,終日中止,10,5,10,5,13,5,5,8,終日中止,0,0,5,0,5,,25,5,25,10,10,10,10,10,5,25,,60,70,終日中止,終日中止,10,20,終日中止,終日中止,10,終日中止,20,5,5,5,5,10,5,5,5,10,5,,90,5,10,35,30,10,10,10,,10,130
21:28,,終日中止,5,5,15,,5,0,5,0,終日中止,0,20,10,終日中止,5,終日中止,10,5,10,5,13,5,5,8,終日中止,0,0,5,0,5,,25,5,25,10,10,10,10,10,5,25,,60,70,終日中止,終日中止,10,20,終日中止,終日中止,10,終日中止,20,5,5,5,5,10,5,5,5,10,5,,90,5,10,35,30,10,10,10,,10,130
21:29,,終日中止,5,5,15,,5,0,5,0,終日中止,0,20,10,終日中止,5,終日中止,10,5,10,5,13,5,5,8,終日中止,0,0,5,0,5,,25,5,25,10,10,10,10,10,5,25,,60,70,終日中止,終日中止,10,20,終日中止,終日中止,10,終日中止,20,5,5,5,5,10,5,5,5,10,5,,90,5,10,35,30,10,10,10,,10,130
21:30,,終日中止,5,5,15,,5,0,5,0,終日中止,0,20,10,終日中止,5,終日中止,10,5,10,5,13,5,5,8,終日中止,0,0,5,0,5,,25,5,25,10,10,10,10,10,5,25,,60,70,終日中止,終日中止,10,20,終日中止,終日中止,10,終日中止,20,5,5,5,5,10,5,5,5,10,5,,90,5,10,35,30,10,10,10,,10,130
21:31,,終日中止,5,5,15,,5,0,5,0,終日中止,0,20,10,終日中止,5,終日中止,10,5,10,5,13,5,5,8,終日中止,0,0,5,0,5,,25,5,25,10,10,10,10,10,5,25,,60,70,終日中止,終日中止,10,20,終日中止,終日中止,10,終日中止,20,5,5,5,5,10,5,5,5,10,5,,90,5,10,35,30,10,10,10,,10,130
21:32,,終日中止,5,5,15,,5,0,5,0,終日中止,0,20,10,終日中止,5,終日中止,10,5,10,5,13,5,5,8,終日中止,0,0,5,0,5,,25,5,25,10,10,10,10,10,5,25,,60,70,終日中止,終日中止,10,20,終日中止,終日中止,10,終日中止,20,5,5,5,5,10,5,5,5,10,5,,90,5,10,35,30,10,10,10,,10,130
21:33,,終日中止,5,5,15,,5,0,5,0,終日中止,0,20,10,終日中止,5,終日中止,10,5,10,5,13,5,5,8,終日中止,0,0,5,0,5,,25,5,25,10,10,10,10,10,5,25,,60,70,終日中止,終日中止,10,20,終日中止,終日中止,10,終日中止,20,5,5,5,5,10,5,5,5,10,5,,90,5,10,35,30,10,10,10,,10,130
21:34,,終日中止,5,5,15,,5,0,5,0,終日中止,0,20,10,終日中止,5,終日中止,10,5,10,5,13,5,5,8,終日中止,0,0,5,0,5,,25,5,25,10,10,10,10,10,5,25,,60,70,終日中止,終日中止,10,20,終日中止,終日中止,10,終日中止,20,5,5,5,5,10,5,5,5,10,5,,90,5,10,35,30,10,10,10,,10,130
21:35,,終日中止,5,5,15,,5,0,5,0,終日中止,0,20,10,終日中止,5,終日中止,10,5,10,5,13,5,5,8,終日中止,0,0,5,0,5,,25,5,25,10,10,10,10,10,5,25,,60,70,終日中止,終日中止,10,20,終日中止,終日中止,10,終日中止,20,5,5,5,5,10,5,5,5,10,5,,90,5,10,35,30,10,10,10,,10,130
21:36,,終日中止,5,5,15,,5,0,5,0,終日中止,0,20,10,終日中止,5,終日中止,10,5,10,5,13,5,5,8,終日中止,0,0,5,0,5,,25,5,25,10,10,10,10,10,5,25,,60,70,終日中止,終日中止,10,20,終日中止,終日中止,10,終日中止,20,5,5,5,5,10,5,5,5,10,5,,90,5,10,35,30,10,10,10,,10,130
21:37,,終日中止,5,5,15,,5,0,5,0,終日中止,0,20,10,終日中止,5,終日中止,10,5,10,5,13,5,5,8,終日中止,0,0,5,0,5,,25,5,25,10,10,10,10,10,5,25,,60,70,終日中止,終日中止,10,20,終日中止,終日中止,10,終日中止,20,5,5,5,5,10,5,5,5,10,5,,90,5,10,35,30,10,10,10,,10,130
21:38,,終日中止,5,5,15,,5,0,5,0,終日中止,0,20,10,終日中止,5,終日中止,10,5,10,5,13,5,5,8,終日中止,0,0,5,0,5,,25,5,25,10,10,10,10,10,5,25,,60,70,終日中止,終日中止,10,20,終日中止,終日中止,10,終日中止,20,5,5,5,5,10,5,5,5,10,5,,90,5,10,35,30,10,10,10,,10,130
21:39,,終日中止,5,5,15,,5,0,5,0,終日中止,0,20,10,終日中止,5,終日中止,10,5,10,5,13,5,5,8,終日中止,0,0,5,0,5,,25,5,25,10,10,10,10,10,5,25,,60,70,終日中止,終日中止,10,20,終日中止,終日中止,10,終日中止,20,5,5,5,5,10,5,5,5,10,5,,90,5,10,35,30,10,10,10,,10,130
21:40,,終日中止,5,5,15,,5,0,5,0,終日中止,0,20,10,終日中止,5,終日中止,10,5,10,5,13,5,5,8,終日中止,0,0,5,0,5,,25,5,25,10,10,10,10,10,5,25,,60,70,終日中止,終日中止,10,20,終日中止,終日中止,10,終日中止,20,5,5,5,5,10,5,5,5,10,5,,90,5,10,35,30,10,10,10,,10,130
21:41,,終日中止,5,5,15,,5,0,5,0,終日中止,0,20,10,終日中止,5,終日中止,10,5,10,5,13,5,5,8,終日中止,0,0,5,0,5,,25,5,25,10,10,10,10,10,5,25,,60,70,終日中止,終日中止,10,20,終日中止,終日中止,10,終日中止,20,5,5,5,5,10,5,5,5,10,5,,90,5,10,35,30,10,10,10,,10,130
21:42,,終日中止,5,5,15,,5,0,5,0,終日中止,0,20,10,終日中止,5,終日中止,10,5,10,5,13,5,5,8,終日中止,0,0,5,0,5,,25,5,25,10,10,10,10,10,5,25,,60,70,終日中止,終日中止,10,20,終日中止,終日中止,10,終日中止,20,5,5,5,5,10,5,5,5,10,5,,90,5,10,35,30,10,10,10,,10,130
21:43,,終日中止,5,5,15,,5,0,5,0,終日中止,0,20,10,終日中止,5,終日中止,10,5,10,5,13,5,5,8,終日中止,0,0,5,0,5,,25,5,25,10,10,10,10,10,5,25,,60,70,終日中止,終日中止,10,20,終日中止,終日中止,10,終日中止,20,5,5,5,5,10,5,5,5,10,5,,90,5,10,35,30,10,10,10,,10,130
21:44,,終日中止,5,5,15,,5,0,5,0,終日中止,0,20,10,終日中止,5,終日中止,10,5,10,5,13,5,5,8,終日中止,0,0,5,0,5,,25,5,25,10,10,10,10,10,5,25,,60,70,終日中止,終日中止,10,20,終日中止,終日中止,10,終日中止,20,5,5,5,5,10,5,5,5,10,5,,90,5,10,35,30,10,10,10,,10,130
21:45,,終日中止,5,5,15,,5,0,5,0,終日中止,0,20,10,終日中止,5,終日中止,10,5,10,5,13,5,5,8,終日中止,0,0,5,0,5,,25,5,25,10,10,10,10,10,5,25,,60,70,終日中止,終日中止,10,20,終日中止,終日中止,10,終日中止,20,5,5,5,5,10,5,5,5,10,5,,90,5,10,35,30,10,10,10,,10,130
21:46,,終日中止,5,5,15,,5,0,5,0,終日中止,0,20,10,終日中止,5,終日中止,10,5,10,5,13,5,5,8,終日中止,0,0,5,0,5,,25,5,25,10,10,10,10,10,5,25,,60,70,終日中止,終日中止,10,20,終日中止,終日中止,10,終日中止,20,5,5,5,5,10,5,5,5,10,5,,90,5,10,35,30,10,10,10,,10,130
21:47,,終日中止,5,5,15,,5,0,5,0,終日中止,0,20,10,終日中止,5,終日中止,10,5,10,5,13,5,5,8,終日中止,0,0,5,0,5,,25,5,25,10,10,10,10,10,5,25,,60,70,終日中止,終日中止,10,20,終日中止,終日中止,10,終日中止,20,5,5,5,5,10,5,5,5,10,5,,90,5,10,35,30,10,10,10,,10,130
21:48,,終日中止,5,5,15,,5,0,5,0,終日中止,0,20,10,終日中止,5,終日中止,10,5,10,5,13,5,5,8,終日中止,0,0,5,0,5,,25,5,25,10,10,10,10,10,5,25,,60,70,終日中止,終日中止,10,20,終日中止,終日中止,10,終日中止,20,5,5,5,5,10,5,5,5,10,5,,90,5,10,35,30,10,10,10,,10,130
21:49,,終日中止,5,5,15,,5,0,5,0,終日中止,0,20,10,終日中止,5,終日中止,10,5,10,5,13,5,5,8,終日中止,0,0,5,0,5,,25,5,25,10,10,10,10,10,5,25,,60,70,終日中止,終日中止,10,20,終日中止,終日中止,10,終日中止,20,5,5,5,5,10,5,5,5,10,5,,90,5,10,35,30,10,10,10,,10,130
21:50,,終日中止,5,5,15,,5,0,5,0,終日中止,0,20,10,終日中止,5,終日中止,10,5,10,5,13,5,5,8,終日中止,0,0,5,0,5,,25,5,25,10,10,10,10,10,5,25,,60,70,終日中止,終日中止,10,20,終日中止,終日中止,10,終日中止,20,5,5,5,5,10,5,5,5,10,5,,90,5,10,35,30,10,10,10,,10,130
21:51,,終日中止,5,5,15,,5,0,5,0,終日中止,0,20,10,終日中止,5,終日中止,10,5,10,5,13,5,5,8,終日中止,0,0,5,0,5,,25,5,25,10,10,10,10,10,5,25,,60,70,終日中止,終日中止,10,20,終日中止,終日中止,10,終日中止,20,5,5,5,5,10,5,5,5,10,5,,90,5,10,35,30,10,10,10,,10,130
21:52,,終日中止,5,5,15,,5,0,5,0,終日中止,0,20,10,終日中止,5,終日中止,10,5,10,5,13,5,5,8,終日中止,0,0,5,0,5,,25,5,25,10,10,10,10,10,5,25,,60,70,終日中止,終日中止,10,20,終日中止,終日中止,10,終日中止,20,5,5,5,5,10,5,5,5,10,5,,90,5,10,35,30,10,10,10,,10,130
21:53,,終日中止,5,5,15,,5,0,5,0,終日中止,0,20,10,終日中止,5,終日中止,10,5,10,5,13,5,5,8,終日中止,0,0,5,0,5,,25,5,25,10,10,10,10,10,5,25,,60,70,終日中止,終日中止,10,20,終日中止,終日中止,10,終日中止,20,5,5,5,5,10,5,5,5,10,5,,90,5,10,35,30,10,10,10,,10,130
21:54,,終日中止,5,5,15,,5,0,5,0,終日中止,0,20,10,終日中止,5,終日中止,10,5,10,5,13,5,5,8,終日中止,0,0,5,0,5,,25,5,25,10,10,10,10,10,5,25,,60,70,終日中止,終日中止,10,20,終日中止,終日中止,10,終日中止,20,5,5,5,5,10,5,5,5,10,5,,90,5,10,35,30,10,10,10,,10,130
21:55,,終日中止,5,5,15,,5,0,5,0,終日中止,0,20,10,終日中止,5,終日中止,10,5,10,5,13,5,5,8,終日中止,0,0,5,0,5,,25,5,25,10,10,10,10,10,5,25,,60,70,終日中止,終日中止,10,20,終日中止,終日中止,10,終日中止,20,5,5,5,5,10,5,5,5,10,5,,90,5,10,35,30,10,10,10,,10,130
21:56,,終日中止,5,5,15,,5,0,5,0,終日中止,0,20,10,終日中止,5,終日中止,10,5,10,5,13,5,5,8,終日中止,0,0,5,0,5,,25,5,25,10,10,10,10,10,5,25,,60,70,終日中止,終日中止,10,20,終日中止,終日中止,10,終日中止,20,5,5,5,5,10,5,5,5,10,5,,90,5,10,35,30,10,10,10,,10,130
21:57,,終日中止,5,5,15,,5,0,5,0,終日中止,0,20,10,終日中止,5,終日中止,10,5,10,5,13,5,5,8,終日中止,0,0,5,0,5,,25,5,25,10,10,10,10,10,5,25,,60,70,終日中止,終日中止,10,20,終日中止,終日中止,10,終日中止,20,5,5,5,5,10,5,5,5,10,5,,90,5,10,35,30,10,10,10,,10,130
21:58,,終日中止,5,5,15,,5,0,5,0,終日中止,0,20,10,終日中止,5,終日中止,10,5,10,5,13,5,5,8,終日中止,0,0,5,0,5,,25,5,25,10,10,10,10,10,5,25,,60,70,終日中止,終日中止,10,20,終日中止,終日中止,10,終日中止,20,5,5,5,5,10,5,5,5,10,5,,90,5,10,35,30,10,10,10,,10,130
21:59,,終日中止,5,5,15,,5,0,5,0,終日中止,0,20,10,終日中止,5,終日中止,10,5,10,5,13,5,5,8,終日中止,0,0,5,0,5,,25,5,25,10,10,10,10,10,5,25,,60,70,終日中止,終日中止,10,20,終日中止,終日中止,10,終日中止,20,5,5,5,5,10,5,5,5,10,5,,90,5,10,35,30,10,10,10,,10,130
