year,month,day,land,sea
2015,1,1,92,87
2015,1,2,128,117
2015,1,3,112,106
2015,1,4,85,69
2015,1,5,81,103
2015,1,6,77,100
2015,1,7,76,75
2015,1,8,39,43
2015,1,9,39,29
2015,1,10,85,66
2015,1,11,110,120
2015,1,12,72,86
2015,1,13,49,33
2015,1,14,51,41
2015,1,15,35,38
2015,1,16,57,29
2015,1,17,93,74
2015,1,18,89,74
2015,1,19,60,43
2015,1,20,54,45
2015,1,21,49,41
2015,1,22,45,48
2015,1,23,57,55
2015,1,24,118,69
2015,1,25,109,85
2015,1,26,81,70
2015,1,27,54,51
2015,1,28,68,54
2015,1,29,72,56
2015,1,30,40,41
2015,1,31,129,78
2015,2,1,94,89
2015,2,2,106,83
2015,2,3,113,99
2015,2,4,101,110
2015,2,5,60,94
2015,2,6,95,37
2015,2,7,130,98
2015,2,8,94,81
2015,2,9,89,70
2015,2,10,109,113
2015,2,11,140,117
2015,2,12,112,122
2015,2,13,86,80
2015,2,14,117,60
2015,2,15,125,104
2015,2,16,124,118
2015,2,17,84,101
2015,2,18,78,90
2015,2,19,111,125
2015,2,20,100,88
2015,2,21,135,132
2015,2,22,109,92
2015,2,23,118,105
2015,2,24,106,113
2015,2,25,121,128
2015,2,26,79,99
2015,2,27,95,72
2015,2,28,137,156
2015,3,1,95,80
2015,3,2,123,110
2015,3,3,95,95
2015,3,4,99,120
2015,3,5,104,112
2015,3,6,129,120
2015,3,7,129,126
2015,3,8,137,113
2015,3,9,146,120
2015,3,10,121,119
2015,3,11,133,125
2015,3,12,127,119
2015,3,13,130,112
2015,3,14,140,153
2015,3,15,158,147
2015,3,16,159,150
2015,3,17,152,163
2015,3,18,147,145
2015,3,19,139,149
2015,3,20,140,136
2015,3,21,154,151
2015,3,22,137,121
2015,3,23,128,127
2015,3,24,124,136
2015,3,25,150,143
2015,3,26,170,154
2015,3,27,161,149
2015,3,28,151,136
2015,3,29,141,145
2015,3,30,160,166
2015,3,31,173,173
2015,4,1,129,122
2015,4,2,143,121
2015,4,3,106,93
2015,4,4,94,86
2015,4,5,81,103
2015,4,6,118,110
2015,4,7,42,53
2015,4,8,22,33
2015,4,9,43,39
2015,4,10,22,22
2015,4,11,61,55
2015,4,12,65,74
2015,4,13,14,17
2015,4,14,18,20
2015,4,15,39,37
2015,4,16,49,43
2015,4,17,38,31
2015,4,18,84,68
2015,4,19,87,69
2015,4,20,23,30
2015,4,21,25,26
2015,4,22,47,43
2015,4,23,45,36
2015,4,24,46,48
2015,4,25,64,64
2015,4,26,83,70
2015,4,27,44,45
2015,4,28,50,54
2015,4,29,64,67
2015,4,30,47,50
2015,5,1,61,73
2015,5,2,65,55
2015,5,3,106,93
2015,5,4,124,124
2015,5,5,87,88
2015,5,6,70,64
2015,5,7,26,24
2015,5,8,40,35
2015,5,9,56,47
2015,5,10,68,56
2015,5,11,53,52
2015,5,12,37,35
2015,5,13,45,54
2015,5,14,56,61
2015,5,15,49,54
2015,5,16,79,87
2015,5,17,89,97
2015,5,18,56,62
2015,5,19,27,43
2015,5,20,49,61
2015,5,21,45,49
2015,5,22,63,69
2015,5,23,78,96
2015,5,24,68,98
2015,5,25,70,97
2015,5,26,39,54
2015,5,27,52,59
2015,5,28,53,56
2015,5,29,44,59
2015,5,30,93,121
2015,5,31,73,87
2015,6,1,90,98
2015,6,2,58,52
2015,6,3,25,38
2015,6,4,40,42
2015,6,5,54,61
2015,6,6,85,98
2015,6,7,67,83
2015,6,8,61,65
2015,6,9,20,29
2015,6,10,46,57
2015,6,11,32,37
2015,6,12,37,47
2015,6,13,97,123
2015,6,14,87,97
2015,6,15,44,57
2015,6,16,38,52
2015,6,17,44,56
2015,6,18,34,46
2015,6,19,29,44
2015,6,20,89,108
2015,6,21,72,87
2015,6,22,75,64
2015,6,23,33,36
2015,6,24,37,41
2015,6,25,39,45
2015,6,26,38,43
2015,6,27,72,80
2015,6,28,66,77
2015,6,29,61,62
2015,6,30,34,34
2015,7,1,32,34
2015,7,2,39,39
2015,7,3,36,35
2015,7,4,68,75
2015,7,5,44,58
2015,7,6,32,38
2015,7,7,36,39
2015,7,8,33,48
2015,7,9,32,31
2015,7,10,41,44
2015,7,11,79,92
2015,7,12,50,76
2015,7,13,44,47
2015,7,14,47,54
2015,7,15,43,55
2015,7,16,28,36
2015,7,17,28,24
2015,7,18,53,60
2015,7,19,77,83
2015,7,20,59,63
2015,7,21,51,54
2015,7,22,65,54
2015,7,23,54,49
2015,7,24,61,46
2015,7,25,58,59
2015,7,26,57,67
2015,7,27,58,63
2015,7,28,50,54
2015,7,29,62,60
2015,7,30,61,57
2015,7,31,51,51
2015,8,1,50,62
2015,8,2,52,69
2015,8,3,63,68
2015,8,4,61,73
2015,8,5,66,82
2015,8,6,67,77
2015,8,7,63,66
2015,8,8,55,62
2015,8,9,60,75
2015,8,10,89,123
2015,8,11,88,106
2015,8,12,80,98
2015,8,13,82,101
2015,8,14,91,104
2015,8,15,87,98
2015,8,16,74,78
2015,8,17,72,86
2015,8,18,79,88
2015,8,19,73,86
2015,8,20,70,70
2015,8,21,75,66
2015,8,22,67,77
2015,8,23,70,72
2015,8,24,93,81
2015,8,25,87,80
2015,8,26,63,68
2015,8,27,76,66
2015,8,28,63,62
2015,8,29,84,83
2015,8,30,81,88
2015,8,31,79,89
2015,9,1,53,53
2015,9,2,59,68
2015,9,3,62,62
2015,9,4,49,59
2015,9,5,77,95
2015,9,6,69,56
2015,9,7,41,51
2015,9,8,52,76
2015,9,9,35,55
2015,9,10,40,58
2015,9,11,54,77
2015,9,12,63,81
2015,9,13,65,87
2015,9,14,73,96
2015,9,15,71,86
2015,9,16,66,78
2015,9,17,35,47
2015,9,18,34,41
2015,9,19,60,76
2015,9,20,116,120
2015,9,21,149,149
2015,9,22,121,124
2015,9,23,104,114
2015,9,24,60,78
2015,9,25,29,46
2015,9,26,59,80
2015,9,27,66,87
2015,9,28,69,83
2015,9,29,64,67
2015,9,30,50,53
2015,10,1,68,60
2015,10,2,41,39
2015,10,3,73,86
2015,10,4,72,86
2015,10,5,68,86
2015,10,6,48,55
2015,10,7,49,58
2015,10,8,58,64
2015,10,9,64,60
2015,10,10,84,99
2015,10,11,91,110
2015,10,12,101,113
2015,10,13,71,84
2015,10,14,60,91
2015,10,15,58,82
2015,10,16,65,46
2015,10,17,82,105
2015,10,18,106,111
2015,10,19,67,86
2015,10,20,59,84
2015,10,21,53,98
2015,10,22,51,83
2015,10,23,60,83
2015,10,24,104,119
2015,10,25,90,107
2015,10,26,88,93
2015,10,27,50,61
2015,10,28,61,63
2015,10,29,57,64
2015,10,30,49,53
2015,10,31,79,67
2015,11,1,81,84
2015,11,2,77,90
2015,11,3,89,101
2015,11,4,72,66
2015,11,5,56,44
2015,11,6,49,37
2015,11,7,90,82
2015,11,8,72,74
2015,11,9,56,51
2015,11,10,35,36
2015,11,11,55,59
2015,11,12,60,59
2015,11,13,82,77
2015,11,14,80,89
2015,11,15,95,87
2015,11,16,89,85
2015,11,17,47,52
2015,11,18,30,34
2015,11,19,46,49
2015,11,20,54,48
2015,11,21,102,91
2015,11,22,128,135
2015,11,23,63,67
2015,11,24,71,63
2015,11,25,37,44
2015,11,26,39,50
2015,11,27,65,34
2015,11,28,112,121
2015,11,29,106,112
2015,11,30,58,57
2015,12,1,41,46
2015,12,2,41,50
2015,12,3,35,42
2015,12,4,28,68
2015,12,5,102,106
2015,12,6,95,112
2015,12,7,60,56
2015,12,8,43,52
2015,12,9,47,61
2015,12,10,50,56
2015,12,11,37,52
2015,12,12,113,118
2015,12,13,104,117
2015,12,14,54,59
2015,12,15,53,55
2015,12,16,53,61
2015,12,17,54,63
2015,12,18,53,50
2015,12,19,105,99
2015,12,20,105,108
2015,12,21,53,50
2015,12,22,67,60
2015,12,23,113,115
2015,12,24,77,86
2015,12,25,104,99
2015,12,26,67,81
2015,12,27,79,88
2015,12,28,107,115
2015,12,29,125,137
2015,12,30,131,150
2015,12,31,67,64
2016,1,1,92,78
2016,1,2,101,103
2016,1,3,87,92
2016,1,4,92,85
2016,1,5,85,75
2016,1,6,82,98
2016,1,7,63,70
2016,1,8,50,24
2016,1,9,61,56
2016,1,10,87,84
2016,1,11,49,52
2016,1,12,35,41
2016,1,13,50,39
2016,1,14,39,40
2016,1,15,48,30
2016,1,16,63,63
2016,1,17,69,59
2016,1,18,15,27
2016,1,19,34,60
2016,1,20,40,41
2016,1,21,38,37
2016,1,22,36,72
2016,1,23,39,53
2016,1,24,44,60
2016,1,25,34,28
2016,1,26,54,57
2016,1,27,59,54
2016,1,28,45,46
2016,1,29,25,43
2016,1,30,38,46
2016,1,31,54,81
2016,2,1,50,89
2016,2,2,73,52
2016,2,3,67,76
2016,2,4,71,72
2016,2,5,54,64
2016,2,6,71,88
2016,2,7,56,82
2016,2,8,50,45
2016,2,9,49,80
2016,2,10,60,85
2016,2,11,81,99
2016,2,12,71,77
2016,2,13,76,99
2016,2,14,44,70
2016,2,15,49,50
2016,2,16,62,89
2016,2,17,62,99
2016,2,18,61,75
2016,2,19,57,78
2016,2,20,67,81
2016,2,21,104,124
2016,2,22,68,76
2016,2,23,74,94
2016,2,24,77,115
2016,2,25,76,111
2016,2,26,77,68
2016,2,27,127,143
2016,2,28,105,148
2016,2,29,52,64
2016,3,1,41,68
2016,3,2,56,100
2016,3,3,68,123
2016,3,4,84,127
2016,3,5,125,138
2016,3,6,81,102
2016,3,7,65,126
2016,3,8,93,128
2016,3,9,66,117
2016,3,10,57,99
2016,3,11,79,126
2016,3,12,126,155
2016,3,13,124,154
2016,3,14,67,119
2016,3,15,108,148
2016,3,16,105,163
2016,3,17,113,163
2016,3,18,102,129
2016,3,19,87,103
2016,3,20,150,149
2016,3,21,144,149
2016,3,22,122,131
2016,3,23,114,127
2016,3,24,88,108
2016,3,25,107,105
2016,3,26,124,118
2016,3,27,127,111
2016,3,28,137,134
2016,3,29,168,165
2016,3,30,168,149
2016,3,31,140,128
2016,4,1,109,106
2016,4,2,87,88
2016,4,3,108,117
2016,4,4,116,125
2016,4,5,120,118
2016,4,6,97,99
2016,4,7,24,27
2016,4,8,35,31
2016,4,9,78,75
2016,4,10,58,60
2016,4,11,31,33
2016,4,12,35,45
2016,4,13,33,19
2016,4,14,28,15
2016,4,15,37,43
2016,4,16,80,73
2016,4,17,50,56
2016,4,18,29,44
2016,4,19,34,39
2016,4,20,34,47
2016,4,21,20,33
2016,4,22,38,49
2016,4,23,67,76
2016,4,24,56,76
2016,4,25,38,43
2016,4,26,29,38
2016,4,27,24,38
2016,4,28,31,45
2016,4,29,81,88
2016,4,30,68,76
2016,5,1,59,61
2016,5,2,76,104
2016,5,3,86,108
2016,5,4,56,76
2016,5,5,41,62
2016,5,6,43,53
2016,5,7,33,45
2016,5,8,61,48
2016,5,9,28,34
2016,5,10,20,31
2016,5,11,25,42
2016,5,12,37,51
2016,5,13,44,41
2016,5,14,69,93
2016,5,15,54,84
2016,5,16,36,46
2016,5,17,23,24
2016,5,18,42,42
2016,5,19,40,39
2016,5,20,36,43
2016,5,21,76,92
2016,5,22,71,82
2016,5,23,52,62
2016,5,24,32,40
2016,5,25,34,47
2016,5,26,37,44
2016,5,27,42,67
2016,5,28,75,103
2016,5,29,75,106
2016,5,30,62,66
2016,5,31,30,36
2016,6,1,33,42
2016,6,2,49,51
2016,6,3,48,59
2016,6,4,78,111
2016,6,5,61,92
2016,6,6,63,68
2016,6,7,34,41
2016,6,8,37,44
2016,6,9,23,29
2016,6,10,37,52
2016,6,11,74,118
2016,6,12,65,91
2016,6,13,33,48
2016,6,14,33,44
2016,6,15,42,54
2016,6,16,18,42
2016,6,17,32,52
2016,6,18,59,106
2016,6,19,52,100
2016,6,20,45,63
2016,6,21,20,36
2016,6,22,30,51
2016,6,23,21,44
2016,6,24,29,43
2016,6,25,56,98
2016,6,26,56,94
2016,6,27,59,67
2016,6,28,31,37
2016,6,29,33,55
2016,6,30,27,32
2016,7,1,39,50
2016,7,2,55,98
2016,7,3,44,73
2016,7,4,35,57
2016,7,5,33,55
2016,7,6,33,54
2016,7,7,35,56
2016,7,8,32,56
2016,7,9,41,83
2016,7,10,40,61
2016,7,11,34,48
2016,7,12,37,52
2016,7,13,29,48
2016,7,14,38,48
2016,7,15,31,44
2016,7,16,55,69
2016,7,17,72,111
2016,7,18,46,59
2016,7,19,24,28
2016,7,20,21,29
2016,7,21,44,51
2016,7,22,38,53
2016,7,23,54,68
2016,7,24,48,69
2016,7,25,51,56
2016,7,26,48,48
2016,7,27,55,58
2016,7,28,52,63
2016,7,29,48,58
2016,7,30,56,72
2016,7,31,62,76
2016,8,1,56,63
2016,8,2,63,83
2016,8,3,59,83
2016,8,4,61,77
2016,8,5,53,81
2016,8,6,52,72
2016,8,7,57,80
2016,8,8,62,91
2016,8,9,59,80
2016,8,10,56,81
2016,8,11,59,82
2016,8,12,81,109
2016,8,13,63,98
2016,8,14,67,103
2016,8,15,92,142
2016,8,16,84,125
2016,8,17,66,90
2016,8,18,67,98
2016,8,19,65,94
2016,8,20,55,74
2016,8,21,62,89
2016,8,22,37,50
2016,8,23,69,83
2016,8,24,68,81
2016,8,25,68,80
2016,8,26,63,82
2016,8,27,74,89
2016,8,28,68,81
2016,8,29,56,72
2016,8,30,37,39
2016,8,31,54,65
2016,9,1,48,54
2016,9,2,38,53
2016,9,3,56,76
2016,9,4,42,52
2016,9,5,38,53
2016,9,6,42,63
2016,9,7,34,54
2016,9,8,22,31
2016,9,9,39,58
2016,9,10,51,61
2016,9,11,43,78
2016,9,12,52,71
2016,9,13,50,78
2016,9,14,42,78
2016,9,15,55,57
2016,9,16,40,53
2016,9,17,61,74
2016,9,18,107,99
2016,9,19,51,67
2016,9,20,37,46
2016,9,21,41,55
2016,9,22,44,60
2016,9,23,50,56
2016,9,24,55,65
2016,9,25,70,73
2016,9,26,65,61
2016,9,27,53,56
2016,9,28,48,59
2016,9,29,39,40
2016,9,30,44,45
2016,10,1,42,61
2016,10,2,55,53
2016,10,3,53,47
2016,10,4,45,44
2016,10,5,28,30
2016,10,6,38,37
2016,10,7,45,47
2016,10,8,70,69
2016,10,9,109,97
2016,10,10,89,79
2016,10,11,71,64
2016,10,12,48,48
2016,10,13,42,42
2016,10,14,27,62
2016,10,15,89,73
2016,10,16,70,70
2016,10,17,35,51
2016,10,18,47,55
2016,10,19,50,53
2016,10,20,51,61
2016,10,21,55,66
2016,10,22,99,98
2016,10,23,79,80
2016,10,24,63,70
2016,10,25,42,58
2016,10,26,48,55
2016,10,27,46,49
2016,10,28,50,61
2016,10,29,66,68
2016,10,30,57,59
2016,10,31,52,55
2016,11,1,56,60
2016,11,2,66,73
2016,11,3,59,72
2016,11,4,75,84
2016,11,5,89,100
2016,11,6,94,83
2016,11,7,60,62
2016,11,8,29,36
2016,11,9,33,45
2016,11,10,38,52
2016,11,11,36,46
2016,11,12,94,102
2016,11,13,101,108
2016,11,14,82,90
2016,11,15,47,53
2016,11,16,43,54
2016,11,17,42,59
2016,11,18,47,49
2016,11,19,54,92
2016,11,20,98,101
2016,11,21,77,79
2016,11,22,58,71
2016,11,23,60,78
2016,11,24,26,30
2016,11,25,28,73
2016,11,26,102,112
2016,11,27,61,83
2016,11,28,83,64
2016,11,29,39,50
2016,11,30,34,41
2016,12,1,31,37
2016,12,2,33,53
2016,12,3,90,100
2016,12,4,73,84
2016,12,5,53,49
2016,12,6,39,56
2016,12,7,45,67
2016,12,8,43,53
2016,12,9,50,58
2016,12,10,108,114
2016,12,11,84,98
2016,12,12,46,56
2016,12,13,33,54
2016,12,14,36,57
2016,12,15,51,69
2016,12,16,49,58
2016,12,17,88,95
2016,12,18,86,99
2016,12,19,51,53
2016,12,20,45,52
2016,12,21,49,52
2016,12,22,35,43
2016,12,23,90,92
2016,12,24,93,113
2016,12,25,98,108
2016,12,26,60,68
2016,12,27,38,51
2016,12,28,67,86
2016,12,29,117,165
2016,12,30,122,161
2016,12,31,57,65
2017,1,1,78,83
2017,1,2,99,110
2017,1,3,98,107
2017,1,4,103,102
2017,1,5,86,76
2017,1,6,108,83
2017,1,7,95,75
2017,1,8,57,66
2017,1,9,51,46
2017,1,10,41,54
2017,1,11,40,49
2017,1,12,43,52
2017,1,13,42,55
2017,1,14,56,71
2017,1,15,58,51
2017,1,16,19,43
2017,1,17,38,44
2017,1,18,36,62
2017,1,19,31,38
2017,1,20,31,29
2017,1,21,55,70
2017,1,22,67,77
2017,1,23,49,34
2017,1,24,34,45
2017,1,25,31,49
2017,1,26,49,50
2017,1,27,40,72
2017,1,28,61,85
2017,1,29,52,78
2017,1,30,32,36
2017,1,31,26,37
2017,2,1,52,71
2017,2,2,46,65
2017,2,3,40,81
2017,2,4,71,86
2017,2,5,33,60
2017,2,6,51,57
2017,2,7,48,67
2017,2,8,46,107
2017,2,9,29,57
2017,2,10,58,81
2017,2,11,98,118
2017,2,12,49,92
2017,2,13,45,77
2017,2,14,31,54
2017,2,15,45,87
2017,2,16,59,66
2017,2,17,68,67
2017,2,18,74,105
2017,2,19,62,99
2017,2,20,60,97
2017,2,21,59,103
2017,2,22,53,110
2017,2,23,49,67
2017,2,24,63,111
2017,2,25,92,118
2017,2,26,91,131
2017,2,27,47,90
2017,2,28,41,66
2017,3,1,37,66
2017,3,2,34,59
2017,3,3,79,116
2017,3,4,94,114
2017,3,5,75,109
2017,3,6,63,133
2017,3,7,66,121
2017,3,8,65,118
2017,3,9,67,127
2017,3,10,61,106
2017,3,11,116,139
2017,3,12,92,135
2017,3,13,98,152
2017,3,14,77,126
2017,3,15,72,124
2017,3,16,107,152
2017,3,17,87,117
2017,3,18,86,96
2017,3,19,125,131
2017,3,20,119,128
2017,3,21,73,109
2017,3,22,113,136
2017,3,23,106,115
2017,3,24,81,91
2017,3,25,111,108
2017,3,26,96,107
2017,3,27,95,111
2017,3,28,140,134
2017,3,29,136,141
2017,3,30,125,129
2017,3,31,99,113
2017,4,1,93,106
2017,4,2,123,126
2017,4,3,130,149
2017,4,4,134,138
2017,4,5,91,96
2017,4,6,86,79
2017,4,7,57,68
2017,4,8,77,75
2017,4,9,42,46
2017,4,10,36,34
2017,4,11,14,22
2017,4,12,42,53
2017,4,13,36,40
2017,4,14,48,25
2017,4,15,74,82
2017,4,16,66,67
2017,4,17,25,35
2017,4,18,24,33
2017,4,19,43,44
2017,4,20,40,37
2017,4,21,42,36
2017,4,22,71,66
2017,4,23,75,71
2017,4,24,42,47
2017,4,25,36,36
2017,4,26,27,29
2017,4,27,29,21
2017,4,28,32,42
2017,4,29,59,56
2017,4,30,46,55
2017,5,1,41,55
2017,5,2,58,91
2017,5,3,91,98
2017,5,4,115,118
2017,5,5,90,102
2017,5,6,56,59
2017,5,7,51,45
2017,5,8,29,24
2017,5,9,29,31
2017,5,10,30,36
2017,5,11,43,34
2017,5,12,41,50
2017,5,13,48,57
2017,5,14,71,73
2017,5,15,41,55
2017,5,16,36,50
2017,5,17,42,48
2017,5,18,41,44
2017,5,19,43,56
2017,5,20,85,84
2017,5,21,64,79
2017,5,22,65,70
2017,5,23,38,45
2017,5,24,36,51
2017,5,25,45,43
2017,5,26,46,63
2017,5,27,90,75
2017,5,28,79,95
2017,5,29,105,115
2017,5,30,36,39
2017,5,31,39,42
2017,6,1,40,40
2017,6,2,72,79
2017,6,3,80,83
2017,6,4,61,66
2017,6,5,67,77
2017,6,6,44,40
2017,6,7,37,37
2017,6,8,25,26
2017,6,9,43,46
2017,6,10,89,94
2017,6,11,62,75
2017,6,12,48,57
2017,6,13,26,30
2017,6,14,36,39
2017,6,15,46,67
2017,6,16,41,46
2017,6,17,70,89
2017,6,18,54,84
2017,6,19,53,61
2017,6,20,37,49
2017,6,21,14,23
2017,6,22,37,49
2017,6,23,41,44
2017,6,24,73,104
2017,6,25,51,68
2017,6,26,39,57
2017,6,27,32,45
2017,6,28,26,42
2017,6,29,36,52
2017,6,30,31,39
2017,7,1,47,69
2017,7,2,48,58
2017,7,3,43,54
2017,7,4,33,44
2017,7,5,33,42
2017,7,6,38,44
2017,7,7,44,46
2017,7,8,54,57
2017,7,9,38,44
2017,7,10,36,40
2017,7,11,40,49
2017,7,12,38,53
2017,7,13,40,47
2017,7,14,36,48
2017,7,15,48,69
2017,7,16,64,80
2017,7,17,37,57
2017,7,18,32,43
2017,7,19,32,43
2017,7,20,31,33
2017,7,21,38,45
2017,7,22,39,52
2017,7,23,41,53
2017,7,24,51,54
2017,7,25,43,49
2017,7,26,52,58
2017,7,27,58,59
2017,7,28,51,61
2017,7,29,59,79
2017,7,30,56,86
2017,7,31,55,64
2017,8,1,45,52
2017,8,2,54,74
2017,8,3,69,75
2017,8,4,61,69
2017,8,5,70,71
2017,8,6,55,73
2017,8,7,71,82
2017,8,8,50,69
2017,8,9,72,93
2017,8,10,76,97
2017,8,11,74,91
2017,8,12,71,94
2017,8,13,89,99
2017,8,14,103,132
2017,8,15,86,114
2017,8,16,75,97
2017,8,17,94,115
2017,8,18,66,91
2017,8,19,61,87
2017,8,20,57,84
2017,8,21,83,93
2017,8,22,76,90
2017,8,23,69,82
2017,8,24,65,79
2017,8,25,56,68
2017,8,26,64,76
2017,8,27,72,91
2017,8,28,77,89
2017,8,29,61,81
2017,8,30,68,86
2017,8,31,47,83
2017,9,1,45,42
2017,9,2,59,56
2017,9,3,50,62
2017,9,4,43,61
2017,9,5,53,78
2017,9,6,41,62
2017,9,7,37,61
2017,9,8,37,45
2017,9,9,56,61
2017,9,10,54,58
2017,9,11,57,79
2017,9,12,49,76
2017,9,13,48,71
2017,9,14,45,59
2017,9,15,40,48
2017,9,16,78,74
2017,9,17,51,70
2017,9,18,61,77
2017,9,19,70,90
2017,9,20,42,69
2017,9,21,38,51
2017,9,22,53,55
2017,9,23,89,86
2017,9,24,63,65
2017,9,25,53,51
2017,9,26,48,58
2017,9,27,45,60
2017,9,28,30,43
2017,9,29,50,53
2017,9,30,77,87
2017,10,1,71,79
2017,10,2,84,83
2017,10,3,33,48
2017,10,4,47,60
2017,10,5,51,55
2017,10,6,27,58
2017,10,7,72,57
2017,10,8,127,122
2017,10,9,97,97
2017,10,10,93,78
2017,10,11,54,56
2017,10,12,45,54
2017,10,13,34,43
2017,10,14,64,89
2017,10,15,76,68
2017,10,16,39,43
2017,10,17,42,45
2017,10,18,45,45
2017,10,19,26,36
2017,10,20,42,41
2017,10,21,84,72
2017,10,22,27,34
2017,10,23,40,34
2017,10,24,46,47
2017,10,25,38,40
2017,10,26,60,58
2017,10,27,63,52
2017,10,28,83,76
2017,10,29,51,54
2017,10,30,88,78
2017,10,31,44,38
2017,11,1,73,53
2017,11,2,79,84
2017,11,3,128,119
2017,11,4,108,101
2017,11,5,90,93
2017,11,6,51,57
2017,11,7,43,56
2017,11,8,44,44
2017,11,9,45,50
2017,11,10,60,49
2017,11,11,99,83
2017,11,12,93,85
2017,11,13,105,94
2017,11,14,67,61
2017,11,15,48,46
2017,11,16,51,53
2017,11,17,40,75
2017,11,18,65,76
2017,11,19,92,94
2017,11,20,75,93
2017,11,21,35,47
2017,11,22,62,70
2017,11,23,67,87
2017,11,24,97,105
2017,11,25,112,112
2017,11,26,93,111
2017,11,27,62,68
2017,11,28,37,51
2017,11,29,48,51
2017,11,30,25,36
2017,12,1,80,80
2017,12,2,93,92
2017,12,3,81,81
2017,12,4,67,67
2017,12,5,44,46
2017,12,6,48,49
2017,12,7,48,48
2017,12,8,87,87
2017,12,9,103,97
2017,12,10,87,79
2017,12,11,61,61
2017,12,12,61,61
2017,12,13,74,74
2017,12,14,98,98
2017,12,15,54,47
2017,12,16,114,86
2017,12,17,106,89
2017,12,18,54,45
2017,12,19,87,87
2017,12,20,52,50
2017,12,21,75,75
2017,12,22,45,42
2017,12,23,101,81
2017,12,24,97,71
2017,12,25,101,98
2017,12,26,98,98
2017,12,27,74,76
2017,12,28,90,89
2017,12,29,115,106
2017,12,30,115,105
2017,12,31,61,62
2018,1,1,82,86
2018,1,2,111,103
2018,1,3,102,92
2018,1,4,90,81
2018,1,5,89,78
2018,1,6,66,64
2018,1,7,85,69
2018,1,8,66,66
2018,1,9,35,32
2018,1,10,41,40
2018,1,11,54,54
2018,1,12,43,48
2018,1,13,79,79
2018,1,14,73,73
2018,1,15,50,50
2018,1,16,62,62
2018,1,17,36,36
2018,1,18,41,44
2018,1,19,26,46
2018,1,20,81,81
2018,1,21,71,61
2018,1,22,92,92
2018,1,23,32,27
2018,1,24,65,65
2018,1,25,24,44
2018,1,26,93,93
2018,1,27,65,75
2018,1,28,78,78
2018,1,29,51,51
2018,1,30,85,85
2018,1,31,46,39
2018,2,1,53,81
2018,2,2,63,63
2018,2,3,60,62
2018,2,4,51,62
2018,2,5,66,69
2018,2,6,54,71
2018,2,7,70,71
2018,2,8,83,49
2018,2,9,52,47
2018,2,10,87,101
2018,2,11,133,120
2018,2,12,98,105
2018,2,13,60,100
2018,2,14,53,70
2018,2,15,72,85
2018,2,16,79,54
2018,2,17,69,89
2018,2,18,61,82
2018,2,19,72,82
2018,2,20,60,82
2018,2,21,63,85
2018,2,22,60,86
2018,2,23,82,96
2018,2,24,91,107
2018,2,25,71,91
2018,2,26,76,76
2018,2,27,51,65
2018,2,28,67,67
2018,3,1,47,53
2018,3,2,59,80
2018,3,3,87,92
2018,3,4,88,89
2018,3,5,52,77
2018,3,6,78,111
2018,3,7,75,115
2018,3,8,55,98
2018,3,9,83,83
2018,3,10,92,107
2018,3,11,92,122
2018,3,12,140,133
2018,3,13,94,101
2018,3,14,93,98
2018,3,15,103,105
2018,3,16,97,114
2018,3,17,141,127
2018,3,18,135,115
2018,3,19,129,126
2018,3,20,106,116
2018,3,21,52,52
2018,3,22,104,86
2018,3,23,107,88
2018,3,24,134,124
2018,3,25,150,121
2018,3,26,150,119
2018,3,27,150,122
2018,3,28,146,123
2018,3,29,140,127
2018,3,30,108,105
2018,3,31,137,114
2018,4,1,119,103
2018,4,2,139,119
2018,4,3,128,115
2018,4,4,97,91
2018,4,5,68,69
2018,4,6,69,74
2018,4,7,94,90
2018,4,8,63,78
2018,4,9,99,99
2018,4,10,89,89
2018,4,11,77,77
2018,4,12,39,39
2018,4,13,82,82
2018,4,14,41,61
2018,4,15,46,46
2018,4,16,96,96
2018,4,17,93,93
2018,4,18,79,79
2018,4,19,44,37
2018,4,20,77,77
2018,4,21,69,66
2018,4,22,77,66
2018,4,23,56,54
2018,4,24,33,27
2018,4,25,28,30
2018,4,26,43,33
2018,4,27,40,46
2018,4,28,75,60
2018,4,29,102,92
2018,4,30,101,92
2018,5,1,70,59
2018,5,2,80,77
2018,5,3,72,72
2018,5,4,113,109
2018,5,5,104,80
2018,5,6,63,53
2018,5,7,74,74
2018,5,8,84,84
2018,5,9,48,48
2018,5,10,46,41
2018,5,11,84,84
2018,5,12,83,66
2018,5,13,98,98
2018,5,14,52,52
2018,5,15,54,38
2018,5,16,95,95
2018,5,17,73,73
2018,5,18,96,96
2018,5,19,66,59
2018,5,20,97,97
2018,5,21,71,54
2018,5,22,46,46
2018,5,23,35,30
2018,5,24,45,30
2018,5,25,80,47
2018,5,26,79,55
2018,5,27,80,58
2018,5,28,103,68
2018,5,29,50,48
2018,5,30,37,40
2018,5,31,91,91
2018,6,1,48,44
2018,6,2,84,79
2018,6,3,73,72
2018,6,4,78,54
2018,6,5,42,33
2018,6,6,35,35
2018,6,7,44,35
2018,6,8,94,94
2018,6,9,67,70
2018,6,10,45,31
2018,6,11,55,55
2018,6,12,86,79
2018,6,13,90,90
2018,6,14,65,54
2018,6,15,99,99
2018,6,16,77,67
2018,6,17,97,82
2018,6,18,81,81
2018,6,19,88,88
2018,6,20,33,33
2018,6,21,56,56
2018,6,22,56,49
2018,6,23,75,73
2018,6,24,78,75
2018,6,25,73,66
2018,6,26,46,39
2018,6,27,47,56
2018,6,28,47,46
2018,6,29,51,53
2018,6,30,82,87
2018,7,1,51,45
2018,7,2,45,52
2018,7,3,41,49
2018,7,4,53,53
2018,7,5,97,97
2018,7,6,46,46
2018,7,7,50,53
2018,7,8,49,63
2018,7,9,40,46
2018,7,10,46,46
2018,7,11,50,53
2018,7,12,96,96
2018,7,13,46,44
2018,7,14,56,71
2018,7,15,68,97
2018,7,16,48,55
2018,7,17,61,61
2018,7,18,38,42
2018,7,19,58,58
2018,7,20,63,63
2018,7,21,75,75
2018,7,22,56,56
2018,7,23,91,91
2018,7,24,49,47
2018,7,25,52,52
2018,7,26,53,52
2018,7,27,59,49
2018,7,28,78,78
2018,7,29,59,48
2018,7,30,62,51
2018,7,31,59,59
2018,8,1,52,49
2018,8,2,95,95
2018,8,3,54,55
2018,8,4,98,98
2018,8,5,82,82
2018,8,6,72,66
2018,8,7,77,77
2018,8,8,88,88
2018,8,9,94,94
2018,8,10,64,65
2018,8,11,71,71
2018,8,12,78,84
2018,8,13,96,96
2018,8,14,90,90
2018,8,15,88,88
2018,8,16,85,84
2018,8,17,82,79
2018,8,18,96,96
2018,8,19,63,73
2018,8,20,86,68
2018,8,21,75,64
2018,8,22,94,94
2018,8,23,58,57
2018,8,24,60,56
2018,8,25,73,61
2018,8,26,77,77
2018,8,27,66,59
2018,8,28,63,55
2018,8,29,71,71
2018,8,30,96,96
2018,8,31,76,69
2018,9,1,62,62
2018,9,2,96,96
2018,9,3,38,55
2018,9,4,37,37
2018,9,5,36,52
2018,9,6,42,51
2018,9,7,35,44
2018,9,8,76,76
2018,9,9,44,60
2018,9,10,42,51
2018,9,11,59,65
2018,9,12,98,98
2018,9,13,63,63
2018,9,14,57,57
2018,9,15,81,81
2018,9,16,98,107
2018,9,17,60,68
2018,9,18,84,84
2018,9,19,59,68
2018,9,20,92,92
2018,9,21,39,39
2018,9,22,72,55
2018,9,23,97,103
2018,9,24,72,59
2018,9,25,96,96
2018,9,26,71,71
2018,9,27,39,42
2018,9,28,65,53
2018,9,29,59,48
2018,9,30,33,33
2018,10,1,83,83
2018,10,2,59,49
2018,10,3,45,41
2018,10,4,66,66
2018,10,5,44,31
2018,10,6,85,85
2018,10,7,97,92
2018,10,8,90,68
2018,10,9,99,70
2018,10,10,80,80
2018,10,11,77,77
2018,10,12,57,36
2018,10,13,92,92
2018,10,14,75,62
2018,10,15,95,95
2018,10,16,46,40
2018,10,17,63,63
2018,10,18,63,63
2018,10,19,85,85
2018,10,20,86,83
2018,10,21,92,86
2018,10,22,75,67
2018,10,23,96,96
2018,10,24,49,44
2018,10,25,57,47
2018,10,26,68,53
2018,10,27,81,73
2018,10,28,93,89
2018,10,29,0,0
2018,10,30,47,46
2018,10,31,53,53
2018,11,1,56,61
2018,11,2,58,58
2018,11,3,111,105
2018,11,4,72,78
2018,11,5,44,53
2018,11,6,42,50
2018,11,7,69,69
2018,11,8,43,42
2018,11,9,49,46
2018,11,10,94,90
2018,11,11,83,82
2018,11,12,91,91
2018,11,13,100,100
2018,11,14,67,75
2018,11,15,87,87
2018,11,16,81,80
2018,11,17,92,113
2018,11,18,87,87
2018,11,19,100,85
2018,11,20,78,78
2018,11,21,44,61
2018,11,22,70,88
2018,11,23,104,123
2018,11,24,108,115
2018,11,25,92,107
2018,11,26,43,53
2018,11,27,74,74
2018,11,28,41,54
2018,11,29,47,59
2018,11,30,49,49
2018,12,1,95,100
2018,12,2,74,93
2018,12,3,78,78
2018,12,4,35,41
2018,12,5,65,65
2018,12,6,77,77
2018,12,7,39,39
2018,12,8,0,0
2018,12,9,28,28
2018,12,10,73,60
2018,12,11,35,31
2018,12,12,72,72
2018,12,13,79,79
2018,12,14,69,41
2018,12,15,114,96
2018,12,16,98,64
2018,12,17,58,41
2018,12,18,85,85
2018,12,19,68,45
2018,12,20,61,51
2018,12,21,58,58
2018,12,22,96,86
2018,12,23,104,86
2018,12,24,59,59
2018,12,25,18,18
2018,12,26,78,78
2018,12,27,17,17
2018,12,28,38,38
2018,12,29,102,89
2018,12,30,117,98
2018,12,31,55,53
2019,1,1,104,85
2019,1,2,121,95
2019,1,3,120,96
2019,1,4,125,91
2019,1,5,80,67
2019,1,6,40,37
2019,1,7,89,89
2019,1,8,86,86
2019,1,9,35,27
2019,1,10,76,76
2019,1,11,83,83
2019,1,12,50,51
2019,1,13,66,81
2019,1,14,92,92
2019,1,15,79,79
2019,1,16,32,41
2019,1,17,29,55
2019,1,18,49,39
2019,1,19,97,97
2019,1,20,43,55
2019,1,21,66,66
2019,1,22,34,67
2019,1,23,38,55
2019,1,24,65,65
2019,1,25,66,66
2019,1,26,76,76
2019,1,27,57,69
2019,1,28,59,46
2019,1,29,95,95
2019,1,30,65,65
2019,1,31,40,40
2019,2,1,59,77
2019,2,2,68,73
2019,2,3,98,98
2019,2,4,78,68
2019,2,5,79,79
2019,2,6,89,89
2019,2,7,72,69
2019,2,8,29,29
2019,2,9,75,75
2019,2,10,89,89
2019,2,11,63,63
2019,2,12,76,76
2019,2,13,73,73
2019,2,14,41,41
2019,2,15,83,83
2019,2,16,79,79
2019,2,17,0,0
2019,2,18,98,98
2019,2,19,70,70
2019,2,20,50,50
2019,2,21,81,81
2019,2,22,96,96
2019,2,23,58,58
2019,2,24,82,82
2019,2,25,0,0
2019,2,26,68,68
2019,2,27,64,64
2019,2,28,18,18
2019,3,1,51,62
2019,3,2,88,97
2019,3,3,58,59
2019,3,4,35,61
2019,3,5,72,109
2019,3,6,89,89
2019,3,7,53,92
2019,3,8,68,96
2019,3,9,102,113
2019,3,10,63,94
2019,3,11,75,98
2019,3,12,83,107
2019,3,13,80,105
2019,3,14,73,94
2019,3,15,65,85
2019,3,16,94,105
2019,3,17,108,124
2019,3,18,100,101
2019,3,19,101,111
2019,3,20,102,116
2019,3,21,87,84
2019,3,22,109,106
2019,3,23,97,97
2019,3,24,109,105
2019,3,25,95,92
2019,3,26,116,98
2019,3,27,125,112
2019,3,28,104,98
2019,3,29,83,88
2019,3,30,99,106
2019,3,31,96,99
2019,4,1,84,82
2019,4,2,91,84
2019,4,3,86,86
2019,4,4,88,82
2019,4,5,89,75
2019,4,6,114,105
2019,4,7,83,83
2019,4,8,63,63
2019,4,9,80,80
2019,4,10,15,28
2019,4,11,80,80
2019,4,12,41,43
2019,4,13,97,97
2019,4,14,75,75
2019,4,15,98,98
2019,4,16,43,46
2019,4,17,39,48
2019,4,18,37,43
2019,4,19,95,95
2019,4,20,70,70
2019,4,21,60,65
2019,4,22,63,63
2019,4,23,53,44
2019,4,24,99,99
2019,4,25,53,44
2019,4,26,53,44
2019,4,27,53,44
2019,4,28,53,44
2019,4,29,53,44
2019,4,30,53,44
2019,5,1,95,95
2019,5,2,53,44
2019,5,3,132,115
2019,5,4,95,104
2019,5,5,100,100
2019,5,6,67,67
2019,5,7,24,27
2019,5,8,26,29
2019,5,9,27,32
2019,5,10,34,38
2019,5,11,53,66
2019,5,12,80,80
2019,5,13,37,40
2019,5,14,34,38
2019,5,15,60,60
2019,5,16,42,45
2019,5,17,35,54
2019,5,18,75,75
2019,5,19,49,64
2019,5,20,35,43
2019,5,21,40,40
2019,5,22,36,52
2019,5,23,97,97
2019,5,24,48,62
2019,5,25,59,83
2019,5,26,78,78
2019,5,27,76,85
2019,5,28,76,76
2019,5,29,55,55
2019,5,30,56,56
2019,5,31,40,52
2019,6,1,62,80
2019,6,2,76,76
2019,6,3,75,85
2019,6,4,42,35
2019,6,5,60,60
2019,6,6,63,63
2019,6,7,68,68
2019,6,8,63,79
2019,6,9,48,64
2019,6,10,46,53
2019,6,11,65,65
2019,6,12,62,62
2019,6,13,85,85
2019,6,14,46,79
2019,6,15,35,75
2019,6,16,77,109
2019,6,17,58,80
2019,6,18,35,66
2019,6,19,70,70
2019,6,20,30,68
2019,6,21,70,70
2019,6,22,97,119
2019,6,23,88,99
2019,6,24,70,70
2019,6,25,51,72
2019,6,26,89,89
2019,6,27,55,90
2019,6,28,60,60
2019,6,29,70,113
2019,6,30,43,79
2019,7,1,55,55
2019,7,2,99,99
2019,7,3,32,57
2019,7,4,25,42
2019,7,5,94,94
2019,7,6,85,85
2019,7,7,38,58
2019,7,8,62,62
2019,7,9,58,58
2019,7,10,66,66
2019,7,11,96,96
2019,7,12,95,95
2019,7,13,92,92
2019,7,14,55,77
2019,7,15,46,61
2019,7,16,37,44
2019,7,17,94,94
2019,7,18,32,62
2019,7,19,31,43
2019,7,20,52,60
2019,7,21,57,72
2019,7,22,56,63
2019,7,23,68,68
2019,7,24,49,55
2019,7,25,54,66
2019,7,26,51,63
2019,7,27,76,76
2019,7,28,98,98
2019,7,29,86,86
2019,7,30,56,64
2019,7,31,91,91
